id,latitude,longitude,price,city_name,locality,per_square_feet_rate,floor_count,floor_number,property_type,under_construction,date_added,available_from,apartment_type,age_of_property,age_of_property_date,main_entrance_facing,status,built_up_area,bedroom_count,bathroom_count,has_swimming_pool,has_gym,number_of_lifts,parking_count,has_gas_pipeline,water_supply_type,has_servant_room,power_backup_type,is_gated_community,security_type,is_society_formed,region_name,neighbourhood_score
33226,17.35775,78.40324,2100000,Hyderabad,Bandlaguda,2333,6,1,Apartment,0,2014-02-04T20:13:25.632+05:30,2014-02-01,2 BHK,0,2014-02-04,North,INACTIVE,900,2,2,0,0,1,1,0,None,0,Partial,0,Basic,None,West Hyderabad,-1
637877,19.091054,72.917415,2100000,Mumbai,Vikhroli East,3818,4,3,Apartment,0,2015-10-31T17:20:33.012+05:30,2015-12-31,1 BHK,0,2015-10-31,North-West,ACTIVE,550,1,1,0,0,1,0,0,Municipal Water,0,None,1,Basic,None,Central Bombay,-1
33197,18.4816,73.900986,3600000,Pune,Wanowrie,5538,7,4,Apartment,0,2014-02-04T18:32:19.237+05:30,2014-02-03,1 BHK,9,2005-02-04,North,INACTIVE,650,1,1,0,0,1,1,0,None,0,None,1,Basic,None,Pune,-1
643320,19.236342,72.871749,11000000,Mumbai,Borivali East,11764,14,1,Apartment,0,2015-11-03T21:33:18.488+05:30,2015-11-03,2 BHK,2,2013-11-03,North-East,ACTIVE,935,2,2,0,1,2,0,0,Municipal Water,0,None,0,Advanced,None,Western Suburbs,-1
627051,19.204137,72.819698,2500000,Mumbai,Malad West,11111,8,3,Apartment,0,2015-10-27T16:26:33.745+05:30,2015-10-28,1 RK,5,2010-10-27,West,ACTIVE,225,1,1,0,0,1,0,0,Bore and Municipal water,0,None,1,Basic,None,Western Suburbs,-1
644849,18.995588,72.822332,4500000,Mumbai,Worli,12857,8,2,Apartment,0,2015-11-05T15:02:04.018+05:30,2015-11-06,1 RK,3,2012-11-04,South,ACTIVE,350,1,1,0,0,1,1,0,Municipal Water,0,None,1,Basic,None,South Mumbai,-1
643792,18.983483,72.840026,3500000,Mumbai,Byculla,11111,24,21,Apartment,0,2015-11-04T00:32:05.692+05:30,2015-11-06,1 BHK,3,2012-11-03,South,ACTIVE,315,1,1,0,0,3,1,0,Municipal Water,0,None,1,Basic,None,South Mumbai,-1
604677,19.181742,72.864746,13100000,Mumbai,Malad East,12843,17,2,Apartment,0,2015-10-16T05:33:53.673+05:30,2015-12-31,2 BHK,0,2015-10-15,South,ACTIVE,1020,2,2,0,0,2,0,0,Municipal Water,0,None,0,Basic,None,Western Suburbs,-1
625090,19.200383,72.827176,3500000,Mumbai,Kandivali West,7777,24,13,Apartment,0,2015-10-26T22:23:18.653+05:30,2015-10-26,1 BHK,2,2013-10-26,East,ACTIVE,450,1,1,0,0,2,1,0,Bore and Municipal water,0,Full,1,Advanced,None,Western Suburbs,-1
619841,19.146747,72.836224,12500000,Mumbai,Andheri West,13157,22,19,Apartment,0,2015-10-24T11:40:29.835+05:30,2015-10-23,2 BHK,5,2010-10-23,South,ACTIVE,950,2,2,0,0,2,0,1,Municipal Water,0,None,0,Advanced,None,Western Suburbs,-1
652665,19.242613,72.871974,5900000,Mumbai,Dahisar East,11568,8,1,Apartment,0,2015-11-07T22:27:40.457+05:30,2015-11-07,1 BHK,8,2007-11-07,North,ACTIVE,510,1,2,0,0,1,2,1,Bore and Municipal water,0,None,1,Advanced,None,Western Suburbs,-1
649979,19.136031,72.869494,6500000,Mumbai,Jogeshwari East,14444,8,6,Apartment,0,2015-11-06T23:19:03.167+05:30,2015-11-04,1 BHK,15,2000-11-06,South,ACTIVE,450,1,1,0,0,1,1,1,Municipal Water,0,None,1,Basic,None,Western Suburbs,-1
606661,19.152637,72.883658,6000000,Mumbai,Goregaon East,6122,7,1,Apartment,0,2015-10-16T23:41:12.239+05:30,2015-10-16,2 BHK,3,2012-10-16,North-West,ACTIVE,980,2,2,0,0,2,1,0,Municipal Water,0,None,1,Advanced,None,Western Suburbs,-1
596816,18.996826,72.846935,5000000,Mumbai,Parel,14285,16,3,Apartment,0,2015-10-13T04:00:45.607+05:30,2015-12-01,1 BHK,1,2014-10-13,South-West,ACTIVE,350,1,1,0,0,1,1,0,Municipal Water,0,None,1,Basic,None,South Mumbai,-1
612177,19.004957,72.848099,5000000,Mumbai,Parel,12500,23,2,Apartment,0,2015-10-20T00:48:06.473+05:30,2015-10-23,1 BHK,2,2013-10-19,North,ACTIVE,400,1,1,0,0,2,1,0,Municipal Water,0,None,1,Basic,None,South Mumbai,-1
104789,19.029858,72.891288,7500000,Mumbai,Chembur,13274,8,3,Apartment,0,2015-11-06T16:13:48.319+05:30,2015-11-07,1 BHK,8,2006-10-30,North,ACTIVE,565,1,1,0,0,1,0,0,Municipal Water,0,None,1,Advanced,None,Mumbai Harbour,-1
594315,19.182424,72.813625,2600000,Mumbai,Malad West,8125,8,5,Apartment,0,2015-10-13T02:27:58.955+05:30,2015-10-12,1 RK,5,2010-10-12,North-East,ACTIVE,320,1,1,0,0,1,1,0,Bore and Municipal water,0,None,1,Advanced,None,Western Suburbs,-1
29595,19.009805,73.118967,12000000,Mumbai,New Panvel East,5454,9,1,Apartment,0,2014-01-16T15:53:40.789+05:30,2013-02-25,4 BHK,2,2012-01-16,West,ACTIVE,2200,4,1,0,0,2,1,0,None,0,None,1,Basic,None,Navi Mumbai,-1
47,19.257998,72.852874,4800000,Mumbai,Dahisar West,16000,7,3,Apartment,0,2013-03-01T20:46:35.516+05:30,None,1 BHK,6,2007-03-01,None,INACTIVE,300,1,1,0,0,1,1,0,None,None,None,None,None,None,Western Suburbs,-1
6905,19.414636,72.808187,2200000,Mumbai,Nalasopara West,4444,5,5,Apartment,0,2013-08-08T19:47:57.043+05:30,2013-08-06,1 BHK,1,2012-08-08,North,INACTIVE,495,1,1,0,0,1,1,0,None,0,None,0,None,None,Western Suburbs,-1
9593,28.462048,77.079463,22000000,Gurgaon,Sector 27,13580,3,1,Independent House,0,2013-08-31T20:56:59.425+05:30,2013-08-30,3 BHK,1,2012-08-31,South-East,INACTIVE,1620,3,3,0,0,0,1,1,None,0,None,1,Basic,None,DLF City,-1
4874,18.571223,73.909379,7000000,Pune,Viman Nagar,6666,7,6,Apartment,0,2013-07-20T16:12:20.110+05:30,2013-07-19,2 BHK,4,2009-07-20,None,INACTIVE,1050,2,2,1,1,1,1,0,None,None,None,None,None,None,Pune,-1
458,19.215625,72.817914,10000000,Mumbai,Kandivali West,11764,7,4,Apartment,0,2013-03-16T11:25:59.925+05:30,2013-06-15,2 BHK,10,2003-03-15,West,INACTIVE,850,2,0,0,0,1,0,0,None,0,None,1,Basic,None,Western Suburbs,-1
17611,13.061335,80.227437,8250000,Chennai,Choolaimedu,7500,3,1,Apartment,0,2013-11-10T16:55:02.655+05:30,2013-11-09,2 BHK,13,2000-11-10,South,INACTIVE,1100,2,2,0,0,1,1,0,Bore Water,0,None,1,Basic,None,Chennai,-1
32742,28.583617,77.338508,7000000,Noida,"Sector 25, Noida",6666,4,2,Apartment,0,2015-07-29T09:37:05.537+05:30,2014-02-01,2 BHK,20,1994-02-01,South-East,ACTIVE,1050,2,1,0,0,0,1,1,None,0,None,1,Basic,None,Noida,-1
28659,28.676792,77.293254,5500000,Delhi,Shahdara,7857,5,2,Apartment,0,2014-01-11T18:49:16.031+05:30,2014-01-10,2 BHK,1,2013-01-10,North-West,INACTIVE,700,2,1,0,1,1,1,0,None,0,None,1,Basic,None,North East Delhi,-1
11764,28.508381,77.056247,12000000,Gurgaon,Sector 23,7058,3,1,Independent Floor,0,2013-09-21T17:17:16.537+05:30,2013-09-20,3 BHK,1,2012-09-21,East,INACTIVE,1700,3,3,0,0,0,1,0,None,0,None,1,Basic,None,Palam Vihar,-1
33218,18.55186,73.925877,4500000,Pune,Wadgaon Sheri,7258,5,0,Apartment,0,2014-02-04T18:57:02.865+05:30,2014-02-03,2 BHK,13,2001-02-04,West,INACTIVE,620,2,0,0,0,1,1,0,None,0,None,1,Basic,None,Pune,-1
27872,19.019507,73.092607,1900000,Mumbai,Kamothe,5066,4,1,Apartment,0,2014-01-07T15:33:33.224+05:30,2013-12-26,1 RK,8,2006-01-06,South-East,INACTIVE,375,1,2,0,0,0,0,0,None,0,None,0,Basic,None,Navi Mumbai,-1
31934,19.049323,73.103054,3000000,Mumbai,Taloje,4838,4,1,Apartment,0,2014-01-29T18:10:00.457+05:30,2014-01-28,1 BHK,2,2012-01-29,South-West,INACTIVE,620,1,2,0,0,1,1,0,None,0,None,1,Basic,None,Navi Mumbai,-1
2139,18.476582,73.89283,7000000,Pune,Kondhwa,6511,10,8,Apartment,0,2013-06-14T19:39:42.779+05:30,2013-06-11,2 BHK,8,2005-06-12,None,INACTIVE,1075,2,2,1,1,2,1,0,None,None,None,None,None,None,Pune,-1
16895,18.598772,73.765279,10500000,Pune,Wakad,6645,10,7,Apartment,0,2013-11-02T16:39:35.677+05:30,2013-11-01,3 BHK,1,2012-11-02,East,INACTIVE,1580,3,3,1,1,2,1,1,None,0,Partial,0,Advanced,None,Pune,-1
-1,-1,-1,-1,-1,-1,-1,-1,-1,-1,-1,-1,-1,-1,-1,-1,0,-1,-1,-1,-1,0,0,0,0,0,-1,0,-1,0,-1,-1,-1,-1
6202,19.081789,73.090468,2268000,Mumbai,Taloje,3600,7,3,Apartment,0,2013-08-03T15:41:13.277+05:30,2013-08-01,1 BHK,1,2012-08-02,South,INACTIVE,630,1,1,0,0,1,1,0,None,0,None,1,Basic,None,Navi Mumbai,-1
229047,19.160769,72.948808,6500000,Mumbai,Mulund West,12037,8,0,Apartment,0,2015-10-30T14:26:30.388+05:30,2015-05-14,1 BHK,1,2014-05-14,East,ACTIVE,540,1,1,0,0,1,1,0,Bore and Municipal water,0,Full,0,Basic,None,Central Bombay,-1
599514,19.058117,72.878981,7500000,Mumbai,Sion,12096,18,11,Apartment,0,2015-10-14T21:31:20.894+05:30,2015-09-29,1 BHK,0,2015-10-14,North-East,ACTIVE,620,1,2,0,0,2,1,0,Municipal Water,0,None,1,Basic,None,Central Bombay,-1
607463,19.221983,72.843729,3300000,Mumbai,Borivali West,14666,2,0,Apartment,0,2015-10-19T13:10:51.404+05:30,2015-10-01,1 RK,1,2014-10-16,West,ACTIVE,225,1,1,0,0,0,0,0,Municipal Water,0,None,1,Advanced,None,Western Suburbs,-1
610762,19.166586,72.951848,4200000,Mumbai,Mulund West,11200,8,1,Apartment,0,2015-10-19T14:42:45.081+05:30,2015-10-19,1 BHK,0,2015-10-19,East,ACTIVE,375,1,1,0,0,2,0,0,Municipal Water,0,None,1,Basic,None,Central Bombay,-1
626819,19.144422,72.805305,2500000,Mumbai,Andheri West,5555,3,2,Apartment,0,2015-10-27T13:23:56.759+05:30,2015-10-30,1 BHK,2,2013-10-27,South-West,ACTIVE,450,1,1,0,0,0,0,0,Municipal Water,0,None,1,Basic,None,Western Suburbs,-1
12516,19.058092,72.90192,7000000,Mumbai,Chembur,11666,7,4,Apartment,0,2015-10-22T12:21:32.278+05:30,2013-09-26,1 BHK,1,2012-09-27,East,ACTIVE,600,1,0,0,0,1,1,0,None,0,None,1,Basic,None,Mumbai Harbour,-1
5774,28.645252,77.370344,15500000,Ghaziabad,Niti Khand II,8201,2,1,Apartment,0,2013-07-29T16:14:40.673+05:30,2013-07-26,4 BHK,1,2012-07-28,East,INACTIVE,1890,4,3,0,0,None,1,1,None,0,None,None,None,None,Ghaziabad,-1
599554,19.061714,72.89286,4000000,Mumbai,Chembur,12307,12,2,Apartment,0,2015-10-15T04:17:35.362+05:30,2015-10-14,1 BHK,4,2011-10-14,South-East,ACTIVE,325,1,1,0,0,2,0,0,Bore and Municipal water,0,None,1,Basic,None,Mumbai Harbour,-1
63698,19.17924,72.837059,9500000,Mumbai,Malad West,14179,10,8,Apartment,0,2015-10-15T18:43:59.344+05:30,2014-07-01,1 BHK,9,2005-06-01,East,ACTIVE,670,1,2,0,0,2,1,1,None,0,None,1,Basic,None,Western Suburbs,-1
640900,19.256414,72.873063,9500000,Mumbai,Dahisar East,11309,9,8,Apartment,0,2015-11-03T00:19:02.251+05:30,2015-11-03,2 BHK,5,2010-11-02,South,ACTIVE,840,2,2,0,0,1,1,0,Bore and Municipal water,0,None,1,Basic,None,Western Suburbs,-1
654655,19.063389,72.914351,1380000,Mumbai,Shivaji Nagar,6900,7,5,Apartment,0,2015-11-09T19:17:58.896+05:30,2015-11-09,1 RK,12,2003-11-09,North,ACTIVE,200,1,1,0,0,1,1,0,Municipal Water,0,None,1,None,None,Mumbai Harbour,-1
648066,19.215575,72.817112,8700000,Mumbai,Kandivali West,12794,8,3,Apartment,0,2015-11-07T15:43:28.277+05:30,2015-11-05,1 BHK,9,2006-11-05,South,ACTIVE,680,1,2,0,0,1,0,1,Municipal Water,0,None,0,Basic,None,Western Suburbs,-1
648367,19.068127,72.898379,11000000,Mumbai,Tilak Nagar,10000,15,4,Apartment,0,2015-11-06T02:28:01.156+05:30,2016-02-14,2 BHK,1,2014-11-05,South,ACTIVE,1100,2,2,0,0,2,1,0,Municipal Water,0,Full,1,Basic,None,Mumbai Harbour,-1
610032,19.251481,72.847063,12500000,Mumbai,Borivali West,14705,10,9,Apartment,0,2015-10-23T12:55:13.954+05:30,2015-10-17,2 BHK,1,2014-10-17,North-West,ACTIVE,850,2,2,0,0,2,1,1,Bore and Municipal water,0,None,1,Advanced,None,Western Suburbs,-1
630429,19.156489,72.887058,5500000,Mumbai,Goregaon East,7746,20,4,Apartment,0,2015-10-29T02:23:05.053+05:30,2015-10-28,1 BHK,13,2002-10-28,North,ACTIVE,710,1,2,0,0,2,1,0,Municipal Water,0,None,1,Advanced,None,Western Suburbs,-1
8024,19.078018,72.853298,9000000,Mumbai,Santacruz East,14285,7,2,Apartment,0,2015-11-05T15:13:01.329+05:30,2015-11-05,1 BHK,5,2008-08-18,North-West,ACTIVE,630,1,0,0,0,1,1,1,None,0,None,1,Basic,None,Western Suburbs,-1
25727,28.416409,77.076918,24000000,Gurgaon,Sector 57,7058,18,3,Apartment,0,2013-12-25T06:46:08.292+05:30,2013-12-22,4 BHK,1,2012-12-24,North,INACTIVE,3400,4,2,1,1,3,0,0,None,1,Full,1,Advanced,None,Central Gurgaon,-1
33196,18.531327,73.837396,25000000,Pune,Shivaji Nagar,8928,5,1,Apartment,0,2015-06-02T20:53:37.677+05:30,2015-06-02,3 BHK,0,2014-02-04,North,ACTIVE,2800,3,4,0,0,2,1,1,None,0,Partial,1,Basic,None,Pune,-1
33272,19.21432,72.870563,7000000,Mumbai,Kandivali East,12727,7,0,Apartment,0,2014-02-04T16:07:16.082+05:30,2014-02-04,1 BHK,16,1998-02-04,North,INACTIVE,550,1,2,0,0,1,0,1,None,0,None,1,Advanced,None,Western Suburbs,-1
8303,28.604446,77.048347,20000000,Delhi,"Sector 4, Dwarka",10526,8,5,Apartment,0,2013-08-26T07:08:04.165+05:30,2013-08-19,3 BHK,10,2003-08-21,West,INACTIVE,1900,3,0,0,0,1,1,1,None,1,Partial,0,None,None,Dwarka ,-1
3288,17.434766,78.655113,5100000,Hyderabad,Pocharam,3422,0,0,Independent House,0,2013-07-04T22:00:30.880+05:30,2013-07-04,3 BHK,7,2006-07-04,East,INACTIVE,1490,3,3,1,1,0,1,0,None,0,Partial,1,Basic,None,East Hyderabad,-1
26036,28.716157,77.07545,4100000,Delhi,Rohini,3980,4,1,Independent Floor,0,2015-09-10T10:51:41.310+05:30,2014-01-15,3 BHK,1,2012-12-25,East,ACTIVE,1030,3,1,0,1,1,0,0,None,0,Partial,1,None,None,North West Delhi,-1
806,19.178163,72.878762,5500000,Mumbai,Malad East,11578,7,1,Apartment,0,2013-04-11T06:23:46.759+05:30,2013-04-10,1 BHK,5,2008-04-10,None,INACTIVE,475,1,1,0,0,1,1,0,None,None,None,None,None,None,Western Suburbs,-1
1143,19.060653,73.006033,9000000,Mumbai,Sanpada,10135,7,5,Apartment,0,2013-05-07T01:01:35.488+05:30,2013-05-06,2 BHK,7,2006-05-06,None,INACTIVE,888,2,2,0,0,1,1,0,None,None,None,None,None,None,Navi Mumbai,-1
25724,28.419299,77.076324,64500000,Gurgaon,Sector 57,13650,3,0,Independent House,0,2013-12-25T06:45:48.715+05:30,2013-12-22,4 BHK,1,2012-12-24,North-East,INACTIVE,4725,4,5,1,1,3,0,0,None,1,Full,1,Advanced,None,Central Gurgaon,-1
1535,19.038245,72.846882,35000000,Mumbai,Mahim,25270,22,1,Apartment,0,2013-05-21T18:11:01.245+05:30,2013-05-21,3 BHK,3,2010-05-21,None,INACTIVE,1385,3,3,0,0,3,1,1,None,None,None,None,None,None,South Mumbai,-1
6287,19.424248,72.807837,1850000,Mumbai,Nalasopara West,3394,9,2,Apartment,0,2013-08-03T13:29:03.242+05:30,2013-07-31,1 BHK,1,2012-08-03,South-East,INACTIVE,545,1,1,0,0,2,2,0,None,0,None,0,None,None,Western Suburbs,-1
4320,28.635054,77.354048,3700000,Ghaziabad,Nyay Khand I,4625,3,1,Apartment,0,2013-07-18T14:50:46.502+05:30,2013-07-05,2 BHK,2,2011-07-15,North-East,INACTIVE,800,2,2,0,0,0,1,0,None,0,None,None,None,None,Ghaziabad,-1
12612,19.23699,72.847669,14500000,Mumbai,Borivali West,12831,16,1,Apartment,0,2015-06-21T17:15:52.678+05:30,2015-06-01,2 BHK,1,2012-09-28,South-East,ACTIVE,1130,2,0,0,1,2,1,0,None,0,None,1,Advanced,None,Western Suburbs,-1
3657,18.469115,73.786617,4900000,Pune,Shivane,6282,4,1,Apartment,0,2013-07-08T16:43:28.186+05:30,2013-07-07,2 BHK,1,2012-07-08,None,INACTIVE,780,2,2,0,0,1,1,1,None,None,None,None,None,None,Pune,-1
4746,28.532165,77.388976,8000000,Noida,"Sector 82, Noida",6400,5,3,Apartment,0,2013-07-22T17:31:31.893+05:30,2013-07-18,3 BHK,6,2007-07-19,South-East,INACTIVE,1250,3,2,0,0,1,1,1,None,0,None,1,Advanced,None,Noida,-1
179017,19.222815,72.844949,12500000,Mumbai,Borivali West,14619,8,1,Apartment,0,2015-10-12T16:37:44.612+05:30,2015-03-01,2 BHK,0,2015-03-24,North-East,ACTIVE,855,2,2,0,0,1,2,0,Bore and Municipal water,0,None,1,Advanced,None,Western Suburbs,-1
610743,19.113381,72.896526,6000000,Mumbai,Powai,14285,8,0,Apartment,0,2015-10-19T14:46:43.439+05:30,2015-10-19,1 RK,15,2000-10-19,East,ACTIVE,420,1,1,0,0,1,0,0,Municipal Water,0,None,1,Basic,None,Central Bombay,-1
655763,19.037174,72.85014,14400000,Mumbai,Matunga,14693,17,2,Apartment,0,2015-11-10T19:41:06.877+05:30,2015-11-10,2 BHK,1,2014-11-10,North,ACTIVE,980,2,2,0,1,3,1,0,Municipal Water,0,Partial,1,Advanced,None,South Mumbai,-1
626130,19.118695,72.887916,14000000,Mumbai,Andheri East,13023,13,2,Apartment,0,2015-10-27T03:59:47.598+05:30,2015-10-26,2 BHK,5,2010-10-26,West,ACTIVE,1075,2,2,1,1,2,0,0,Municipal Water,0,None,1,Advanced,None,Western Suburbs,-1
11223,19.071087,72.898594,7000000,Mumbai,Tilak Nagar,14000,7,5,Apartment,0,2015-10-27T11:40:56.329+05:30,2013-09-13,1 BHK,1,2012-09-14,North,ACTIVE,500,1,0,0,0,2,0,0,None,0,None,1,Advanced,None,Mumbai Harbour,-1
609798,19.158976,72.840295,7200000,Mumbai,Goregaon West,14117,8,4,Apartment,0,2015-10-18T02:19:43.533+05:30,2015-11-30,1 BHK,0,2015-10-17,South-East,ACTIVE,510,1,1,0,0,1,0,0,Municipal Water,0,None,1,None,None,Western Suburbs,-1
115147,19.190728,72.85614,6500000,Mumbai,Malad East,13541,7,1,Apartment,0,2015-11-05T17:53:21.687+05:30,2015-11-05,1 BHK,8,2006-11-26,East,ACTIVE,480,1,1,0,0,1,2,0,Bore and Municipal water,0,None,1,Basic,None,Western Suburbs,-1
619514,19.105499,72.915885,4500000,Mumbai,Vikhroli West,12857,8,1,Apartment,0,2015-10-23T20:39:46.240+05:30,2015-10-20,1 RK,6,2009-10-23,West,ACTIVE,350,1,1,0,0,1,1,0,Municipal Water,0,None,1,Advanced,None,Central Bombay,-1
648734,19.249524,72.856291,8300000,Mumbai,Dahisar West,12868,13,10,Apartment,0,2015-11-07T18:19:42.565+05:30,2015-11-05,1 BHK,1,2014-11-05,East,ACTIVE,645,1,2,0,0,2,0,0,Bore and Municipal water,0,None,0,Advanced,None,Western Suburbs,-1
608654,19.079539,72.885172,8000000,Mumbai,Kurla,11940,13,12,Apartment,0,2015-10-17T20:48:15.861+05:30,2015-10-17,1 BHK,3,2012-10-17,South-West,ACTIVE,670,1,2,0,0,2,1,0,Municipal Water,0,None,1,Basic,None,Central Bombay,-1
612510,19.160665,72.840795,7000000,Mumbai,Goregaon West,13725,8,1,Apartment,0,2015-10-20T01:07:03.180+05:30,2015-11-30,1 BHK,0,2015-10-19,East,ACTIVE,510,1,1,0,0,1,0,0,Municipal Water,0,None,1,Basic,None,Western Suburbs,-1
649519,19.117439,72.871789,2900000,Mumbai,Andheri East,10545,8,2,Apartment,0,2015-11-06T19:41:58.350+05:30,2015-10-29,1 RK,12,2003-11-06,South,ACTIVE,275,1,1,0,0,1,0,0,Municipal Water,0,None,1,None,None,Western Suburbs,-1
27041,19.2171,72.823269,15000000,Mumbai,Kandivali West,18750,10,6,Apartment,0,2014-01-01T20:07:22.520+05:30,2013-12-24,2 BHK,1,2013-01-01,North,INACTIVE,800,2,2,0,1,2,0,1,None,0,None,1,Basic,None,Western Suburbs,-1
15335,28.680874,77.290357,10000000,Delhi,Shahdara,5882,3,1,Apartment,0,2013-10-22T17:50:19.463+05:30,2013-10-21,4 BHK,1,2012-10-21,South-West,INACTIVE,1700,4,0,0,0,4,1,1,None,0,None,1,Basic,None,North East Delhi,-1
606618,19.174429,72.870768,3500000,Mumbai,Goregaon East,12280,7,5,Apartment,0,2015-10-16T23:39:30.471+05:30,2015-10-16,1 RK,10,2005-10-16,South,ACTIVE,285,1,1,0,0,1,1,0,Municipal Water,0,None,1,Advanced,None,Western Suburbs,-1
626002,19.258254,72.873728,4300000,Mumbai,Dahisar East,9110,13,11,Apartment,0,2015-10-27T04:49:30.784+05:30,2015-10-26,1 BHK,5,2010-10-26,East,ACTIVE,472,1,1,0,0,2,0,0,Bore and Municipal water,0,None,0,Advanced,None,Western Suburbs,-1
618939,19.17071,72.844759,10485000,Mumbai,Goregaon West,9531,22,13,Apartment,0,2015-10-23T01:08:29.076+05:30,2015-12-31,2 BHK,0,2015-10-22,East,ACTIVE,1100,2,2,1,0,3,0,0,Municipal Water,0,None,0,Advanced,None,Western Suburbs,-1
10348,12.88519,77.662168,3975000,Bengaluru,Parappana Agrahara,3939,7,3,Apartment,0,2013-09-05T16:37:47.455+05:30,2013-09-05,2 BHK,0,2013-09-05,North,INACTIVE,1009,2,2,0,1,5,1,0,Bore Water,0,Full,1,Advanced,None,South Bangalore,-1
5435,19.014925,73.097038,3700000,Mumbai,Kamothe,5736,7,6,Apartment,0,2013-07-26T18:32:11.305+05:30,2013-07-25,1 BHK,3,2010-07-26,North,INACTIVE,645,1,0,0,0,1,1,0,None,0,None,0,Basic,None,Navi Mumbai,-1
-1,-1,-1,-1,-1,-1,-1,-1,-1,-1,-1,-1,-1,-1,-1,-1,0,-1,-1,-1,-1,0,0,0,0,0,-1,0,-1,0,-1,-1,-1,-1
5381,28.648923,77.371119,4000000,Ghaziabad,Shakti Khand IV,4347,2,0,Apartment,0,2013-07-26T17:06:19.024+05:30,2013-07-23,2 BHK,0,2013-07-25,North,INACTIVE,920,2,2,0,0,None,1,1,None,0,None,None,Basic,None,Ghaziabad,-1
29814,28.554649,77.248949,12500000,Delhi,East Of Kailash,7716,4,2,Independent Floor,0,2014-01-17T15:43:47.710+05:30,2014-01-16,3 BHK,8,2006-01-17,North,INACTIVE,1620,3,2,0,0,0,0,0,None,0,None,0,None,None,South Delhi,-1
12950,28.644729,77.365549,3550000,Ghaziabad,Niti Khand I,4176,3,0,Apartment,0,2013-10-03T14:35:20.497+05:30,2013-10-01,2 BHK,1,2012-10-01,West,INACTIVE,850,2,0,0,0,0,1,0,None,0,None,1,Basic,None,Ghaziabad,-1
33081,19.402447,72.838336,7000000,Mumbai,Vasai East,6829,4,2,Apartment,0,2015-09-29T16:41:41.682+05:30,2014-02-03,3 BHK,12,2002-02-03,South-West,ACTIVE,1025,3,4,0,0,0,1,0,Municipal Water,0,Partial,1,None,None,Western Suburbs,-1
16017,12.799603,77.682666,2700000,Bengaluru,Kachanayakana Halli,3264,4,3,Apartment,0,2013-10-28T12:21:07.467+05:30,2013-10-27,2 BHK,0,2013-10-27,East,INACTIVE,827,2,2,0,0,1,1,0,Kaveri Water,0,None,1,Basic,None,South Bangalore,-1
30357,28.605299,77.034366,4700150,Delhi,"Sector 14, Dwarka",10444,4,3,Apartment,0,2014-01-20T17:40:57.168+05:30,2014-01-01,1 BHK,2,2012-01-20,South,INACTIVE,450,1,1,0,0,0,1,0,None,0,None,1,Basic,None,Dwarka ,-1
637880,19.09105,72.917437,1900000,Mumbai,Vikhroli East,7600,4,3,Apartment,0,2015-10-31T20:51:40.861+05:30,2015-12-24,1 RK,0,2015-10-31,East,ACTIVE,250,1,1,0,0,1,0,0,Municipal Water,0,None,1,Basic,None,Central Bombay,-1
1196,19.110207,72.856527,4400000,Mumbai,Andheri East,12222,7,7,Apartment,0,2015-10-22T11:20:05.845+05:30,2013-05-08,1 RK,5,2008-05-09,East,ACTIVE,360,1,0,0,0,1,1,0,None,0,None,0,None,None,Western Suburbs,-1
610684,19.054068,72.831024,6000000,Mumbai,Bandra West,13043,4,1,Apartment,0,2015-10-19T12:48:32.290+05:30,2015-10-19,1 BHK,5,2010-10-19,North,ACTIVE,460,1,1,0,0,0,0,0,Municipal Water,0,None,0,None,None,Western Suburbs,-1
30222,18.448609,73.876571,2200000,Pune,Katraj,3548,5,2,Apartment,0,2014-01-19T17:19:55.946+05:30,2014-01-18,1 BHK,5,2009-01-19,West,INACTIVE,620,1,0,0,0,0,1,0,None,0,None,1,Basic,None,Pune,-1
607471,19.221985,72.843716,3300000,Mumbai,Borivali West,14666,2,0,Apartment,0,2015-10-17T05:12:08.624+05:30,2015-10-01,1 RK,1,2014-10-16,West,ACTIVE,225,1,1,0,0,0,0,0,Municipal Water,0,None,1,Advanced,None,Western Suburbs,-1
650613,19.207697,72.819669,7891650,Mumbai,Kandivali West,10650,22,1,Apartment,0,2015-11-07T00:59:24.374+05:30,2016-04-01,1 BHK,0,2015-11-06,North-West,ACTIVE,741,1,2,0,1,4,0,0,Municipal Water,0,None,0,Advanced,None,Western Suburbs,-1
98291,19.173951,72.882635,7500000,Mumbai,Goregaon East,11682,7,6,Apartment,0,2015-11-09T18:11:16.745+05:30,2014-09-01,1 BHK,9,2005-09-29,North-West,ACTIVE,642,1,1,0,0,1,2,1,Bore and Municipal water,0,None,1,Basic,None,Western Suburbs,-1
99384,19.177634,72.869542,8500000,Mumbai,Malad East,12408,6,4,Apartment,0,2015-11-09T19:13:36.659+05:30,2014-10-08,1 BHK,1,2013-10-07,North,ACTIVE,685,1,2,0,0,1,2,0,Municipal Water,0,None,1,Basic,None,Western Suburbs,-1
655098,19.197884,72.839101,9800000,Mumbai,Malad West,14626,23,4,Apartment,0,2015-11-10T04:36:10.120+05:30,2015-11-09,1 BHK,1,2014-11-09,East,ACTIVE,670,1,2,0,1,2,0,0,Bore and Municipal water,0,Full,1,Advanced,None,Western Suburbs,-1
599206,19.181051,72.855483,9000000,Mumbai,Malad East,12500,20,11,Apartment,0,2015-10-14T05:34:41.913+05:30,2015-12-31,1 BHK,0,2015-10-14,North,ACTIVE,720,1,2,0,0,2,0,0,Municipal Water,0,None,1,Advanced,None,Western Suburbs,-1
61441,19.221207,72.846125,15500000,Mumbai,Borivali West,14351,7,6,Apartment,0,2015-10-19T18:47:10.137+05:30,2014-05-21,2 BHK,1,2013-05-21,West,ACTIVE,1080,2,3,0,0,1,1,0,Bore and Municipal water,0,None,1,Basic,None,Western Suburbs,-1
640716,19.165485,72.96243,9500000,Mumbai,Mulund East,14615,8,6,Apartment,0,2015-11-02T19:22:01.153+05:30,2015-11-02,1 BHK,15,2000-11-02,West,ACTIVE,650,1,1,0,0,1,0,0,Municipal Water,0,None,1,Basic,None,Central Bombay,-1
618599,19.071262,72.897454,7500000,Mumbai,Tilak Nagar,13636,8,2,Apartment,0,2015-10-22T22:56:09.005+05:30,2015-10-22,1 BHK,7,2008-10-22,East,ACTIVE,550,1,1,0,0,1,0,1,Bore and Municipal water,0,Full,1,Advanced,None,Mumbai Harbour,-1
638692,19.172078,72.963114,2000000,Mumbai,Mulund East,6250,4,4,Apartment,0,2015-11-06T13:11:54.845+05:30,2015-10-31,1 BHK,2,2013-10-31,West,ACTIVE,320,1,1,0,0,0,0,0,Municipal Water,0,None,0,None,None,Central Bombay,-1
647885,19.20145,72.835638,2550000,Mumbai,Kandivali West,6800,8,4,Apartment,0,2015-11-05T18:56:44.577+05:30,2015-11-05,1 RK,10,2005-11-05,East,ACTIVE,375,1,1,0,0,1,0,0,Municipal Water,0,None,0,Basic,None,Western Suburbs,-1
618111,19.208424,72.819137,5000000,Mumbai,Kandivali West,13333,8,7,Apartment,0,2015-10-22T14:25:24.191+05:30,2015-10-22,1 RK,14,2001-10-22,North-West,ACTIVE,375,1,1,0,0,1,0,0,Municipal Water,0,None,0,Basic,None,Western Suburbs,-1
33324,19.013555,73.158189,3500000,Mumbai,New Panvel East,5833,5,1,Apartment,0,2015-01-03T11:50:54.417+05:30,2014-02-01,1 BHK,1,2013-02-04,North-East,ACTIVE,600,1,2,1,1,1,1,0,None,0,None,1,Advanced,None,Navi Mumbai,-1
20377,18.587875,73.816754,5600000,Pune,Pimple Gurav,5857,7,7,Apartment,0,2013-11-27T17:47:22.184+05:30,2013-11-26,2 BHK,22,1991-11-27,North,INACTIVE,956,2,2,1,1,1,1,0,None,0,Partial,1,Basic,None,Pune,-1
23419,17.456062,78.36496,8500000,Hyderabad,Hitech City,4250,5,1,Apartment,0,2013-12-13T17:43:09.175+05:30,2014-01-01,3 BHK,3,2010-12-13,North-West,INACTIVE,2000,3,3,0,0,1,1,0,None,0,Full,0,Basic,None,West Hyderabad,-1
6574,18.544944,73.7807,4200000,Pune,Pashan,3652,3,0,Apartment,0,2013-08-06T15:59:42.904+05:30,2013-08-06,2 BHK,3,2010-08-06,West,INACTIVE,1150,2,0,0,0,0,1,0,None,0,None,0,None,None,Pune,-1
4747,19.097575,72.912192,5000000,Mumbai,Ghatkopar West,13157,4,2,Apartment,0,2013-07-19T18:14:25.369+05:30,2013-07-19,1 RK,27,1986-07-19,None,INACTIVE,380,1,1,0,0,0,1,0,None,None,None,None,None,None,Central Bombay,-1
11179,17.532831,78.293367,3600000,Hyderabad,Krishna Reddy Pet,2880,1,1,Independent House,0,2013-09-14T15:52:33.686+05:30,2013-09-14,2 BHK,0,2013-09-14,East,INACTIVE,1250,2,2,0,0,0,1,0,None,0,None,0,None,None,North Hyderabad,-1
6491,18.636287,73.842943,6500000,Pune,Bhosari,4482,7,2,Apartment,0,2013-08-05T16:23:15.794+05:30,2013-08-04,2 BHK,1,2012-08-05,South-East,INACTIVE,1450,2,2,0,0,1,1,0,None,0,Partial,1,Advanced,None,Pune,-1
3231,19.299451,72.860628,4000000,Mumbai,Mira Bhayandar,6666,4,0,Apartment,0,2013-07-05T14:28:28.963+05:30,2013-07-03,2 BHK,10,2003-07-03,None,INACTIVE,600,2,1,0,0,0,1,0,None,None,None,None,None,None,Western Suburbs,-1
4678,28.512708,77.389834,7500000,Noida,"Sector 93B, Noida",6756,9,7,Apartment,0,2013-07-22T15:45:49.417+05:30,2013-07-17,2 BHK,2,2011-07-18,South-East,INACTIVE,1110,2,2,1,1,2,1,0,None,0,Full,1,Advanced,None,Noida,-1
13389,28.628226,77.277107,2500000,Delhi,Shakarpur,4629,4,1,Apartment,0,2013-10-07T11:03:34.529+05:30,2013-10-05,2 RK,2,2011-10-05,East,INACTIVE,540,2,1,0,0,0,1,0,None,0,Partial,0,None,None,East Delhi,-1
29880,13.007968,77.719862,2600000,Bengaluru,K R Puram,2549,5,4,Apartment,0,2014-01-17T18:05:56.613+05:30,2014-09-01,2 BHK,0,2014-01-17,West,INACTIVE,1020,2,1,0,1,1,1,0,Kaveri Water,0,Full,1,Basic,None,East Bangalore,-1
32643,28.642927,77.335627,1350000,Ghaziabad,Sector 3 Vaishali,3000,5,3,Apartment,0,2014-02-01T14:59:51.869+05:30,2014-01-31,1 BHK,1,2013-02-01,North,INACTIVE,450,1,1,0,1,0,1,1,None,0,None,0,Basic,None,Ghaziabad,-1
31473,17.431734,78.604989,2900000,Hyderabad,Boduppal,2320,0,0,Independent House,0,2014-01-26T16:58:57.979+05:30,2014-02-05,2 BHK,1,2013-01-26,West,INACTIVE,1250,2,2,0,0,0,2,0,None,0,None,0,None,None,Secunderabad,-1
27297,28.54117,77.259313,11000000,Delhi,Kalkaji,11578,4,1,Independent Floor,0,2014-01-03T19:08:32.152+05:30,2013-12-02,2 BHK,3,2011-01-03,North-West,INACTIVE,950,2,1,0,0,0,1,0,None,0,None,1,Basic,None,South Delhi,-1
32776,18.949312,72.836804,7500000,Mumbai,Masjid Bunder,25862,5,1,Apartment,0,2014-02-02T19:10:57.942+05:30,2014-04-15,1 RK,60,1954-02-01,East,INACTIVE,290,1,2,0,0,0,0,0,None,0,None,0,None,None,South Mumbai,-1
606616,19.174471,72.87071,3500000,Mumbai,Goregaon East,12280,7,2,Apartment,0,2015-10-17T03:07:27.003+05:30,2015-10-16,1 BHK,10,2005-10-16,South,ACTIVE,285,1,1,0,0,1,1,0,Municipal Water,0,None,1,Advanced,None,Western Suburbs,-1
614499,19.234871,72.831165,7300000,Mumbai,Borivali West,12166,8,7,Apartment,0,2015-10-21T03:19:26.161+05:30,2015-10-20,1 BHK,9,2006-10-20,North,ACTIVE,600,1,2,1,1,1,1,0,Municipal Water,0,None,1,Basic,None,Western Suburbs,-1
625189,19.201243,72.8253,3300000,Mumbai,Kandivali West,9705,8,7,Apartment,0,2015-10-27T00:49:48.072+05:30,2015-10-26,1 RK,14,2001-10-26,North-East,ACTIVE,340,1,1,0,0,1,0,0,Bore and Municipal water,0,None,1,Advanced,None,Western Suburbs,-1
23542,12.90342,77.590886,7500000,Bengaluru,JP Nagar,4411,4,3,Apartment,0,2013-12-14T15:47:29.214+05:30,2013-12-13,3 BHK,5,2008-12-13,East,INACTIVE,1700,3,3,0,0,1,1,0,Kaveri Water,0,Full,1,Basic,None,South Bangalore,-1
630627,19.174234,72.962515,4500000,Mumbai,Mulund East,12000,8,1,Apartment,0,2015-10-29T00:16:11.949+05:30,2015-10-28,1 BHK,0,2015-10-28,East,ACTIVE,375,1,1,0,0,2,0,0,Municipal Water,0,None,1,Basic,None,Central Bombay,-1
642048,19.181957,72.864133,9000000,Mumbai,Malad East,13846,8,3,Apartment,0,2015-11-03T04:31:01.987+05:30,2015-11-02,1 BHK,10,2005-11-03,West,ACTIVE,650,1,2,0,0,1,1,0,Municipal Water,0,None,1,Basic,None,Western Suburbs,-1
90207,19.090983,72.917515,8500000,Mumbai,Vikhroli East,12592,16,12,Apartment,0,2015-10-21T10:26:22.654+05:30,2014-09-06,1 BHK,1,2013-09-05,North,ACTIVE,675,1,2,0,0,2,2,0,Municipal Water,0,None,1,Basic,None,Central Bombay,-1
599516,19.060258,72.87893,7600000,Mumbai,Kurla,12258,18,11,Apartment,0,2015-10-14T21:36:47.932+05:30,2015-09-29,1 BHK,0,2015-10-14,North-East,ACTIVE,620,1,2,0,0,2,1,0,Municipal Water,0,None,1,Basic,None,Central Bombay,-1
648358,19.120215,72.827456,4000000,Mumbai,Andheri West,10000,8,3,Apartment,0,2015-11-05T20:04:41.397+05:30,2015-11-06,1 RK,10,2005-11-05,South,ACTIVE,400,1,1,0,0,1,0,0,Municipal Water,0,None,1,Basic,None,Western Suburbs,-1
650861,19.222577,72.858789,12600000,Mumbai,Borivali East,12413,13,1,Apartment,0,2015-11-07T00:35:59.575+05:30,2016-02-25,2 BHK,3,2012-11-06,North-West,ACTIVE,1015,2,2,0,0,2,0,0,Bore and Municipal water,0,None,1,Basic,None,Western Suburbs,-1
637138,19.143593,72.805486,2100000,Mumbai,Andheri West,7636,4,3,Apartment,0,2015-10-31T11:21:13.805+05:30,2015-10-31,1 RK,8,2007-10-30,North-East,ACTIVE,275,1,1,0,0,0,0,0,Municipal Water,0,None,1,Basic,None,Western Suburbs,-1
620546,19.220878,72.840154,8700000,Mumbai,Borivali West,13920,8,3,Apartment,0,2015-10-24T02:37:27.425+05:30,2015-10-23,1 BHK,12,2003-10-23,South,ACTIVE,625,1,2,0,0,1,1,1,Bore and Municipal water,0,None,1,Basic,None,Western Suburbs,-1
638589,19.172078,72.963114,1600000,Mumbai,Mulund East,6400,5,4,Apartment,0,2015-11-01T00:47:03.347+05:30,2015-10-31,1 RK,2,2013-10-31,North,ACTIVE,250,1,1,0,0,0,0,0,Municipal Water,0,None,0,None,None,Central Bombay,-1
603287,19.242447,72.870355,4500000,Mumbai,Dahisar East,12857,7,0,Apartment,0,2015-10-15T23:12:14.820+05:30,2015-10-16,1 RK,10,2005-10-15,East,ACTIVE,350,1,1,0,0,1,0,1,Bore and Municipal water,0,None,1,Basic,None,Western Suburbs,-1
604197,19.060699,72.882724,8500000,Mumbai,Kurla,14529,7,7,Apartment,0,2015-10-16T02:07:44.481+05:30,2015-10-15,1 BHK,3,2012-10-15,South-West,ACTIVE,585,1,1,0,0,1,1,0,Municipal Water,0,None,1,Basic,None,Central Bombay,-1
649724,19.047213,72.859524,3500000,Mumbai,Dharavi,11666,20,15,Apartment,0,2015-11-06T17:20:11.969+05:30,2015-11-06,1 BHK,1,2014-11-06,North-East,ACTIVE,300,1,1,0,0,1,0,0,Bore and Municipal water,0,Partial,1,Advanced,None,Central Bombay,-1
12764,17.482081,78.567692,3100000,Hyderabad,Kushaiguda,2183,5,5,Apartment,0,2015-09-07T15:43:34.917+05:30,2013-09-29,3 BHK,2,2011-09-29,North,ACTIVE,1420,3,0,0,0,1,1,0,None,0,Partial,0,Basic,None,Secunderabad,-1
22547,18.449056,73.81098,4700000,Pune,Dhayari,5465,3,3,Apartment,0,2013-12-09T13:37:50.055+05:30,2013-12-08,2 BHK,4,2009-12-09,West,INACTIVE,860,2,2,0,0,1,1,0,None,0,None,0,Basic,None,Pune,-1
20498,19.27483,72.859858,9200000,Mumbai,Mira Bhayandar,8251,7,1,Apartment,0,2013-11-28T17:26:09.490+05:30,2013-11-25,2 BHK,10,2003-11-28,South,INACTIVE,1115,2,2,0,0,1,1,1,None,0,None,1,Advanced,None,Western Suburbs,-1
22189,18.972888,73.030068,5300000,Mumbai,Ulwe,5353,4,2,Apartment,0,2013-12-07T11:01:47.769+05:30,2014-01-10,2 BHK,1,2012-12-06,South-West,INACTIVE,990,2,2,0,0,1,1,0,None,0,None,1,Basic,None,Navi Mumbai,-1
20712,19.019299,73.091915,4000000,Mumbai,Kamothe,6779,7,6,Apartment,0,2013-11-29T13:06:47.407+05:30,2013-11-25,1 BHK,1,2012-11-29,South-East,INACTIVE,590,1,1,0,0,1,1,0,None,0,None,0,Basic,None,Navi Mumbai,-1
18247,18.460837,73.902511,24000000,Pune,Mohammed Wadi,6477,12,1,Apartment,0,2013-11-15T14:25:45.705+05:30,2013-12-14,4 BHK,1,2012-11-14,South,INACTIVE,3705,4,4,1,1,2,1,0,None,0,Full,1,Advanced,None,Pune,-1
13567,12.972246,77.70585,4827000,Bengaluru,Kartik Nagar,4812,4,3,Apartment,0,2013-10-08T12:07:59.455+05:30,2014-03-01,2 BHK,0,2013-10-07,West,INACTIVE,1003,2,2,1,1,1,1,0,Bore Water,0,Full,1,Advanced,None,East Bangalore,-1
29567,17.38559,78.4505,3000000,Hyderabad,Asif Nagar,2898,5,5,Apartment,0,2014-01-15T20:11:32.535+05:30,2014-01-01,3 BHK,0,2014-01-15,West,INACTIVE,1035,3,1,0,0,1,1,0,None,0,Partial,0,Basic,None,West Hyderabad,-1
28036,28.753944,77.301479,2400000,Ghaziabad,Loni Dehat,2666,3,2,Independent Floor,0,2014-01-08T10:52:33.752+05:30,2014-01-06,2 BHK,1,2013-01-07,West,INACTIVE,900,2,1,0,0,0,1,0,None,0,None,0,Basic,None,Ghaziabad,-1
29862,28.463334,77.560974,800000,Noida,Omicron I,2285,3,1,Apartment,0,2014-01-17T15:51:09.981+05:30,2014-01-16,1 RK,1,2013-01-17,West,INACTIVE,350,1,0,0,0,0,1,1,None,0,None,0,Basic,None,Greater Noida,-1
21295,28.690551,77.340739,2550000,Ghaziabad,Shalimar Garden Extension I,12750,3,1,Apartment,0,2013-12-02T14:48:26.929+05:30,2013-12-01,1 BHK,8,2005-12-02,North-East,INACTIVE,200,1,1,0,0,0,1,1,None,0,None,0,None,None,Ghaziabad,-1
27575,19.299307,72.869319,4300000,Mumbai,Mira Bhayandar,7072,7,3,Apartment,0,2014-01-05T11:30:31.002+05:30,2014-11-25,1 BHK,1,2013-01-04,West,INACTIVE,608,1,1,0,0,1,1,0,None,0,None,1,Advanced,None,Western Suburbs,-1
82394,19.242321,72.869474,5900000,Mumbai,Dahisar East,12164,4,0,Apartment,0,2015-11-07T11:24:45.372+05:30,2014-08-04,1 BHK,12,2002-08-04,West,ACTIVE,485,1,1,0,0,0,2,0,Municipal Water,0,None,1,Basic,None,Western Suburbs,-1
606805,19.2009,72.82045,12000000,Mumbai,Malad West,12000,24,3,Apartment,0,2015-10-28T12:32:49.535+05:30,2015-10-15,2 BHK,1,2014-10-16,North-West,ACTIVE,1000,2,2,0,0,2,1,1,Bore and Municipal water,0,None,1,None,None,Western Suburbs,-1
606672,19.155315,72.885285,8000000,Mumbai,Goregaon East,6956,20,7,Apartment,0,2015-10-17T04:28:17.968+05:30,2015-10-16,2 BHK,4,2011-10-16,South-West,ACTIVE,1150,2,3,0,0,4,1,0,Municipal Water,0,None,1,Advanced,None,Western Suburbs,-1
604489,19.181209,72.864436,10400000,Mumbai,Malad East,10097,18,3,Apartment,0,2015-10-16T03:48:32.637+05:30,2015-12-31,2 BHK,0,2015-10-15,North,ACTIVE,1030,2,2,0,0,2,0,0,Municipal Water,0,None,0,Basic,None,Western Suburbs,-1
618414,19.208613,72.877617,8000000,Mumbai,Kandivali East,14035,8,5,Apartment,0,2015-10-22T21:16:55.351+05:30,2015-10-22,1 BHK,10,2005-10-22,South,ACTIVE,570,1,2,1,1,2,1,1,Municipal Water,0,None,1,Advanced,None,Western Suburbs,-1
609593,19.116926,72.828716,4000000,Mumbai,Andheri West,13333,8,7,Apartment,0,2015-10-18T01:28:27.129+05:30,2015-10-18,1 RK,5,2010-10-17,North-East,ACTIVE,300,1,1,0,0,1,0,0,Municipal Water,0,None,1,Basic,None,Western Suburbs,-1
602667,19.180401,72.857673,12000000,Mumbai,Malad East,11964,16,14,Apartment,0,2015-10-15T16:34:01.104+05:30,2015-11-30,2 BHK,1,2014-10-15,East,ACTIVE,1003,2,2,0,0,2,0,0,Bore and Municipal water,0,None,1,Advanced,None,Western Suburbs,-1
630393,19.154342,72.884392,4000000,Mumbai,Goregaon East,7604,20,1,Apartment,0,2015-10-28T19:13:26.286+05:30,2015-10-28,1 BHK,2,2013-10-28,North,ACTIVE,526,1,1,0,0,2,1,0,Municipal Water,0,None,1,Advanced,None,Western Suburbs,-1
31290,28.460074,77.565748,615000,Noida,Omicron I,1757,3,0,Apartment,0,2014-01-25T15:35:10.884+05:30,2014-03-24,1 RK,1,2013-01-25,North-East,INACTIVE,350,1,1,0,0,0,1,0,None,0,None,1,Basic,None,Greater Noida,-1
-1,-1,-1,-1,-1,-1,-1,-1,-1,-1,-1,-1,-1,-1,-1,-1,0,-1,-1,-1,-1,0,0,0,0,0,-1,0,-1,0,-1,-1,-1,-1
26474,12.91527,80.09926,2919050,Chennai,Tambaram,3950,3,2,Apartment,0,2013-12-28T15:45:32.441+05:30,2013-12-27,2 BHK,0,2013-12-28,South,INACTIVE,739,2,2,0,0,0,1,0,Bore Water,0,None,0,None,None,Chennai,-1
19093,18.555209,73.77506,15800000,Pune,Baner,6320,1,0,Apartment,0,2013-11-20T16:28:38.852+05:30,2013-11-19,3.5 BHK,3,2010-11-20,West,INACTIVE,2500,4,3,1,1,0,1,0,None,1,None,0,Basic,None,Pune,-1
25761,12.923557,77.60841,2500000,Bengaluru,BTM Layout,3968,4,0,Apartment,0,2013-12-25T12:10:09.235+05:30,2013-12-25,1 BHK,5,2008-12-24,East,INACTIVE,630,1,1,0,0,1,1,0,Kaveri Water,0,Partial,1,Basic,None,South Bangalore,-1
16112,18.458491,73.908707,13500000,Pune,Undri,6136,1,0,Independent House,0,2013-10-28T18:09:16.888+05:30,2013-10-27,3.5 BHK,8,2005-10-28,North,INACTIVE,2200,4,3,0,1,0,1,0,None,0,None,0,Advanced,None,Pune,-1
607748,19.142585,72.80386,1600000,Mumbai,Andheri West,3555,3,3,Apartment,0,2015-10-17T14:29:39.104+05:30,2015-10-16,1 BHK,5,2010-10-17,West,ACTIVE,450,1,1,0,0,0,0,0,Municipal Water,0,None,1,None,None,Western Suburbs,-1
636754,19.091148,72.894111,6500000,Mumbai,Sakinaka,10317,3,0,Apartment,0,2015-10-31T04:04:03.923+05:30,2015-10-28,1 BHK,15,2000-10-30,North-West,ACTIVE,630,1,1,0,0,0,1,0,Municipal Water,0,None,1,None,None,Western Suburbs,-1
647949,19.197566,72.871161,15200000,Mumbai,Kandivali East,13571,20,12,Apartment,0,2015-11-06T00:45:30.284+05:30,2015-11-06,2 BHK,1,2014-11-05,North-East,ACTIVE,1120,2,2,1,1,3,1,1,Bore and Municipal water,0,Full,1,Advanced,None,Western Suburbs,-1
640689,19.053384,72.933294,2350000,Mumbai,Govandi,7230,7,1,Apartment,0,2015-11-02T19:30:24.133+05:30,2015-11-02,1 BHK,15,2000-11-02,South-East,ACTIVE,325,1,1,0,0,2,0,0,Municipal Water,0,None,1,None,None,Mumbai Harbour,-1
62412,19.178242,72.839891,9500000,Mumbai,Malad West,14393,8,4,Apartment,0,2015-10-15T18:43:42.948+05:30,2014-05-26,1 BHK,7,2007-05-26,East,ACTIVE,660,1,2,0,0,2,0,1,None,0,None,1,Basic,None,Western Suburbs,-1
636349,19.150292,72.933658,7500000,Mumbai,Bhandup West,10791,23,3,Apartment,0,2015-10-30T21:43:07.935+05:30,2016-01-31,1 BHK,0,2015-10-30,West,ACTIVE,695,1,1,0,0,2,0,0,Municipal Water,0,None,1,Basic,None,Central Bombay,-1
622824,19.236221,72.844356,12700000,Mumbai,Borivali West,11545,13,11,Apartment,0,2015-10-25T00:28:11.415+05:30,2015-12-31,2 BHK,0,2015-10-24,West,ACTIVE,1100,2,2,0,0,2,0,0,Municipal Water,0,None,0,Basic,None,Western Suburbs,-1
29762,19.063558,73.011218,9000000,Mumbai,Sanpada,8181,2,2,Apartment,0,2014-01-17T17:00:15.278+05:30,2014-01-16,2 BHK,15,1999-01-16,East,INACTIVE,1100,2,2,0,0,0,1,0,None,0,None,1,Basic,None,Navi Mumbai,-1
11272,28.735034,77.111737,6800000,Delhi,Rohini,10461,4,2,Independent Floor,0,2013-09-15T17:09:39.177+05:30,2013-09-14,2 BHK,3,2010-09-14,South-East,INACTIVE,650,2,0,0,0,0,1,1,None,0,None,0,None,None,North West Delhi,-1
25196,12.9426,80.138397,4200000,Chennai,Chitlapakkam,5490,2,0,Apartment,0,2013-12-21T14:48:40.556+05:30,2013-12-20,2 BHK,15,1998-12-21,West,INACTIVE,765,2,2,0,0,0,1,0,Bore Water,0,None,1,None,None,Chennai,-1
13468,19.012681,73.03705,8600000,Mumbai,Belapur,8514,7,7,Apartment,0,2013-10-06T18:25:22.173+05:30,2013-10-05,2 BHK,5,2008-10-06,West,INACTIVE,1010,2,2,0,0,1,1,0,None,0,None,1,Basic,None,Navi Mumbai,-1
29012,28.562512,77.247249,12500000,Delhi,Lajpat Nagar,12500,4,3,Independent Floor,0,2014-01-12T20:55:19.493+05:30,2014-01-11,2 BHK,8,2006-01-12,North,INACTIVE,1000,2,1,0,1,0,1,0,None,0,None,1,None,None,South Delhi,-1
14331,28.740705,77.125602,6000000,Delhi,Rohini,3856,4,3,Independent Floor,0,2013-10-12T20:17:22.916+05:30,2013-10-11,3 BHK,1,2012-10-12,South-West,INACTIVE,1556,3,2,0,0,0,0,0,None,0,None,0,None,None,North West Delhi,-1
26484,19.211481,72.828142,15000000,Mumbai,Kandivali West,12500,7,5,Apartment,0,2013-12-28T18:23:31.620+05:30,2013-12-10,3 BHK,10,2003-12-28,East,INACTIVE,1200,3,3,0,0,1,1,0,None,0,None,1,Basic,None,Western Suburbs,-1
22356,28.394517,77.0293,7000000,Gurgaon,Sector 70,6156,11,0,Apartment,0,2013-12-11T22:14:30.870+05:30,2013-12-06,3 BHK,1,2012-12-07,South-East,INACTIVE,1137,3,2,1,1,2,1,0,None,0,Full,1,Basic,None,Golf Course Extension,-1
18509,19.046435,73.071393,6800000,Mumbai,Kharghar,6098,7,6,Apartment,0,2013-11-17T14:53:27.241+05:30,2013-11-15,2 BHK,0,2013-11-16,North,INACTIVE,1115,2,2,0,0,1,1,0,None,0,None,1,Basic,None,Navi Mumbai,-1
598527,19.181042,72.855493,8700000,Mumbai,Malad East,12083,20,10,Apartment,0,2015-10-14T01:23:18.495+05:30,2015-10-30,1 BHK,1,2014-10-13,West,ACTIVE,720,1,2,0,0,2,0,0,Bore and Municipal water,0,None,1,Advanced,None,Western Suburbs,-1
615229,19.167072,72.853975,10900000,Mumbai,Goregaon East,9083,27,4,Apartment,0,2015-10-21T04:26:02.597+05:30,2016-01-31,2 BHK,0,2015-10-20,South-East,ACTIVE,1200,2,2,0,0,2,0,0,Municipal Water,0,None,0,Basic,None,Western Suburbs,-1
599988,19.157199,72.951185,4000000,Mumbai,Mulund East,11428,5,0,Apartment,0,2015-11-02T12:31:54.143+05:30,2015-10-14,1 BHK,0,2015-10-14,East,ACTIVE,350,1,1,0,0,0,0,0,Municipal Water,0,None,0,None,None,Central Bombay,-1
632759,19.150452,72.93306,7500000,Mumbai,Bhandup West,10791,23,1,Apartment,0,2015-10-29T18:55:37.941+05:30,2016-01-31,1 BHK,0,2015-10-29,West,ACTIVE,695,1,2,0,0,2,0,0,Municipal Water,0,None,1,Basic,None,Central Bombay,-1
30400,19.236296,72.965992,13000000,Mumbai,Thane West,13000,19,19,Apartment,0,2015-05-29T16:18:13.993+05:30,2014-01-19,2 BHK,1,2013-01-20,East,ACTIVE,1000,2,1,1,1,2,2,0,None,0,None,1,Advanced,None,Thane,-1
20189,17.444703,78.505509,5600000,Hyderabad,West Marredpally,4148,5,3,Apartment,0,2013-11-27T13:40:35.979+05:30,2013-11-01,2 BHK,7,2006-11-26,West,INACTIVE,1350,2,2,0,0,2,1,0,None,0,Partial,0,Basic,None,Secunderabad,-1
23349,18.548189,73.932561,2700000,Pune,Kharadi,5263,11,9,Apartment,0,2013-12-13T13:58:07.391+05:30,2013-12-12,1 RK,1,2012-12-13,South,INACTIVE,513,1,0,0,0,2,1,0,Bore and Municipal water,0,None,1,Basic,None,Pune,-1
31260,28.661408,77.069858,2300000,Delhi,Nangloi,4646,4,2,Apartment,0,2015-01-23T18:38:51.177+05:30,2015-01-23,1 BHK,1,2013-01-25,North,INACTIVE,495,1,1,0,0,0,1,0,Bore and Municipal water,0,None,0,None,None,West Delhi,-1
18838,19.178759,72.872882,15500000,Mumbai,Malad East,16756,16,9,Apartment,0,2013-11-19T15:56:44.495+05:30,2013-11-02,2 BHK,10,2003-11-19,South-West,INACTIVE,925,2,2,0,0,2,1,0,None,0,None,1,Basic,None,Western Suburbs,-1
30929,13.1493,80.2409,2660000,Chennai,Madhavaram,3500,3,1,Independent Floor,0,2014-01-23T17:13:49.168+05:30,2014-01-22,2 BHK,0,2014-01-23,North,INACTIVE,760,2,2,0,0,0,1,0,Bore Water,0,None,0,None,None,Chennai,-1
29655,18.734527,73.664827,5251000,Pune,Talegaon Dabhade,3915,3,2,Apartment,0,2014-01-16T16:31:14.011+05:30,2014-01-15,3 BHK,2,2012-01-16,South,INACTIVE,1341,3,0,1,1,1,1,0,None,0,Partial,1,Basic,None,Pune,-1
27889,19.100019,72.91068,20000000,Mumbai,Ghatkopar West,16666,7,1,Apartment,0,2014-01-07T16:16:49.555+05:30,2014-01-06,2 BHK,12,2002-01-07,West,INACTIVE,1200,2,2,1,1,1,1,1,None,0,None,1,Advanced,None,Central Bombay,-1
18487,28.634707,77.336371,8300000,Ghaziabad,Sector 1 Vaishali,6916,3,1,Independent Floor,0,2013-11-16T18:23:22.943+05:30,2013-11-16,3 BHK,1,2012-11-16,West,INACTIVE,1200,3,3,0,0,0,0,0,None,0,None,1,Basic,None,Ghaziabad,-1
26452,13.053765,80.167483,7000000,Chennai,Maduravoyal,5668,3,2,Apartment,0,2013-12-28T16:03:04.577+05:30,2013-12-27,3 BHK,11,2002-12-28,North,INACTIVE,1235,3,2,0,0,0,1,0,Bore Water,0,None,0,None,None,Chennai,-1
29640,28.673535,77.378624,9800000,Ghaziabad,Rajendra Nagar,3543,3,0,Independent Floor,0,2014-01-16T11:16:21.030+05:30,2014-01-15,3 BHK,5,2009-01-16,North-East,INACTIVE,2766,3,0,0,1,0,1,1,None,0,None,1,Basic,None,Ghaziabad,-1
18381,19.273506,72.873116,4800000,Mumbai,Mira Bhayandar,7619,6,6,Apartment,0,2013-11-16T14:26:27.001+05:30,2013-11-16,2 BHK,10,2003-11-15,North-East,INACTIVE,630,2,1,0,0,1,1,0,None,0,None,1,Basic,None,Western Suburbs,-1
29497,19.451292,72.796676,5000000,Mumbai,Virar West,5263,7,5,Apartment,0,2014-01-15T19:56:04.326+05:30,2014-01-15,2 BHK,5,2009-01-15,West,INACTIVE,950,2,1,0,0,1,1,0,None,0,None,1,Basic,None,Western Suburbs,-1
16550,18.98331,73.09807,2600000,Mumbai,Panvel,4160,4,1,Apartment,0,2013-10-30T19:51:22.072+05:30,2013-10-29,1 BHK,1,2012-10-30,South,INACTIVE,625,1,1,0,0,1,1,0,None,0,None,1,Basic,None,Navi Mumbai,-1
16246,19.152126,72.886572,5200000,Mumbai,Goregaon East,6500,20,14,Apartment,0,2015-10-07T12:17:41.595+05:30,2013-10-28,2 BHK,1,2012-10-29,South,ACTIVE,800,2,0,0,0,2,1,0,Bore Water,0,None,1,Advanced,None,Western Suburbs,-1
610764,19.167688,72.950819,4200000,Mumbai,Mulund West,11200,9,1,Apartment,0,2015-10-19T14:40:21.310+05:30,2015-10-19,1 BHK,0,2015-10-19,West,ACTIVE,375,1,1,0,0,2,0,0,Municipal Water,0,None,1,Basic,None,Central Bombay,-1
638809,19.180461,72.864421,5800000,Mumbai,Malad East,14146,16,7,Apartment,0,2015-10-31T22:54:05.564+05:30,2015-11-30,1 RK,1,2014-10-31,West,ACTIVE,410,1,2,0,0,2,0,0,Bore and Municipal water,0,None,1,Advanced,None,Western Suburbs,-1
638194,19.194215,72.826555,11000000,Mumbai,Malad West,11578,20,5,Apartment,0,2015-10-31T18:56:37.991+05:30,2015-11-01,2 BHK,2,2013-10-31,South,ACTIVE,950,2,2,1,1,2,1,0,Municipal Water,0,None,0,Advanced,None,Western Suburbs,-1
99382,19.177438,72.869435,12000000,Mumbai,Malad East,12000,7,7,Apartment,0,2015-11-09T19:12:46.858+05:30,2014-10-08,2 BHK,1,2013-10-07,East,ACTIVE,1000,2,2,0,0,1,2,0,Municipal Water,0,None,1,Basic,None,Western Suburbs,-1
648780,19.242954,72.866954,14500000,Mumbai,Dahisar East,13809,22,14,Apartment,0,2015-11-06T05:27:23.339+05:30,2016-01-25,2 BHK,0,2015-11-05,North-West,ACTIVE,1050,2,2,0,0,2,2,0,Bore and Municipal water,0,None,1,Advanced,None,Western Suburbs,-1
618561,19.234284,72.853877,16000000,Mumbai,Borivali West,12800,22,14,Apartment,0,2015-10-22T21:52:14.220+05:30,2016-01-01,2.5 BHK,0,2015-10-22,South-West,ACTIVE,1250,3,2,0,0,2,0,0,Bore and Municipal water,0,None,0,Advanced,None,Western Suburbs,-1
59199,19.234422,72.847932,15800000,Mumbai,Borivali West,13057,12,10,Apartment,0,2015-10-27T15:25:09.390+05:30,2014-05-08,2 BHK,2,2012-05-09,East,ACTIVE,1210,2,3,0,0,1,1,0,None,0,None,1,Basic,None,Western Suburbs,-1
644627,19.159942,72.930826,5800000,Mumbai,Bhandup West,10545,8,7,Apartment,0,2015-11-05T16:01:46.772+05:30,2015-11-01,1 BHK,6,2009-11-04,West,ACTIVE,550,1,1,0,0,1,0,0,Bore and Municipal water,0,None,1,Advanced,None,Central Bombay,-1
608255,19.080441,72.889114,10000000,Mumbai,Kurla,7751,14,7,Apartment,0,2015-10-17T16:27:54.164+05:30,2016-03-20,2 BHK,0,2015-10-17,North-West,ACTIVE,1290,2,2,0,0,2,1,0,Bore and Municipal water,0,None,1,Basic,None,Central Bombay,-1
618962,18.983476,72.839221,3000000,Mumbai,Byculla,9230,24,20,Apartment,0,2015-11-07T14:50:29.061+05:30,2015-10-31,1 BHK,5,2010-10-22,South-East,ACTIVE,325,1,1,0,0,3,1,0,Municipal Water,0,None,1,Basic,None,South Mumbai,-1
606847,19.098018,72.911437,13000000,Mumbai,Ghatkopar West,11818,8,1,Apartment,0,2015-10-17T03:09:52.540+05:30,2015-10-12,2 BHK,4,2011-10-16,West,ACTIVE,1100,2,2,0,0,1,1,0,Municipal Water,0,None,1,Advanced,None,Central Bombay,-1
-1,-1,-1,-1,-1,-1,-1,-1,-1,-1,-1,-1,-1,-1,-1,-1,0,-1,-1,-1,-1,0,0,0,0,0,-1,0,-1,0,-1,-1,-1,-1
648736,19.250251,72.855714,8700000,Mumbai,Dahisar West,13488,13,10,Apartment,0,2015-11-07T18:41:52.860+05:30,2015-11-05,1 BHK,1,2014-11-05,East,ACTIVE,645,1,2,0,0,2,2,0,Bore and Municipal water,0,None,1,Advanced,None,Western Suburbs,-1
623411,19.178065,72.816117,4500000,Mumbai,Malad West,5844,8,1,Apartment,0,2015-10-25T02:53:48.273+05:30,2015-10-31,1 BHK,1,2014-10-24,East,ACTIVE,770,1,2,0,0,1,2,0,Bore and Municipal water,0,None,1,Advanced,None,Western Suburbs,-1
20292,17.429912,78.428411,3500000,Hyderabad,Yousufguda,3500,5,3,Apartment,0,2013-11-27T13:20:43.603+05:30,2014-01-01,2 BHK,0,2013-11-27,East,INACTIVE,1000,2,2,0,0,1,1,0,None,0,None,0,Basic,None,North Hyderabad,-1
25438,19.154148,72.885379,2900000,Mumbai,Goregaon East,6823,7,0,Apartment,0,2013-12-23T14:30:11.140+05:30,2013-12-22,1 BHK,7,2006-12-23,North-West,INACTIVE,425,1,1,0,0,1,1,0,None,0,None,1,Basic,None,Western Suburbs,-1
32816,19.216511,73.204053,1150000,Mumbai,Ambernath,2804,4,0,Apartment,0,2014-02-02T19:30:33.141+05:30,2014-02-01,1 BHK,10,2004-02-02,East,INACTIVE,410,1,2,0,0,0,1,0,None,0,None,1,Basic,None,Navi Mumbai,-1
22986,28.502113,77.233473,2400000,Delhi,Sangam Vihar,3809,4,2,Apartment,0,2013-12-11T18:55:29.117+05:30,2013-12-08,2 BHK,1,2012-12-11,North,INACTIVE,630,2,1,0,0,0,1,0,None,0,None,0,None,None,South Delhi,-1
620997,19.22255,72.858774,13000000,Mumbai,Borivali East,12621,17,7,Apartment,0,2015-10-24T02:18:32.001+05:30,2016-03-31,2 BHK,0,2015-10-23,South,ACTIVE,1030,2,2,0,0,2,0,0,Municipal Water,0,None,1,Basic,None,Western Suburbs,-1
614409,19.208266,72.878075,6900000,Mumbai,Kandivali East,12000,8,3,Apartment,0,2015-10-21T00:22:36.364+05:30,2015-10-21,1 BHK,8,2007-10-20,East,ACTIVE,575,1,2,1,1,2,0,1,Bore and Municipal water,0,None,1,Advanced,None,Western Suburbs,-1
18664,12.798827,77.683173,2672900,Bengaluru,Kachanayakana Halli,3247,4,0,Apartment,0,2013-11-18T14:20:18.720+05:30,2013-11-17,2 BHK,0,2013-11-17,West,INACTIVE,823,2,2,0,0,0,1,0,Kaveri Water,0,None,1,Advanced,None,South Bangalore,-1
608396,19.121218,72.840225,6500000,Mumbai,Andheri West,10833,9,6,Apartment,0,2015-10-17T20:25:32.829+05:30,2015-10-18,1 BHK,15,2000-10-17,North-West,ACTIVE,600,1,2,0,0,1,0,0,Municipal Water,0,None,1,Basic,None,Western Suburbs,-1
30988,19.019807,73.087054,4600000,Mumbai,Kamothe,6100,8,7,Apartment,0,2014-01-24T15:34:56.271+05:30,2014-01-23,1 BHK,5,2009-01-23,South-East,INACTIVE,754,1,1,0,0,1,1,0,None,0,None,1,Advanced,None,Navi Mumbai,-1
596001,19.124333,72.895513,8000000,Mumbai,Powai,14545,23,17,Apartment,0,2015-10-12T23:29:47.886+05:30,2016-01-15,1 BHK,1,2014-10-12,South,ACTIVE,550,1,1,1,1,2,1,0,Bore and Municipal water,0,Partial,1,Advanced,None,Central Bombay,-1
655080,19.197884,72.839101,14200000,Mumbai,Malad West,13271,23,15,Apartment,0,2015-11-10T04:31:11.187+05:30,2015-11-17,2 BHK,1,2014-11-09,North-East,ACTIVE,1070,2,2,0,1,2,0,0,Bore and Municipal water,0,Full,1,Advanced,None,Western Suburbs,-1
645566,19.242658,72.865582,14200000,Mumbai,Dahisar East,13523,22,11,Apartment,0,2015-11-05T16:28:32.754+05:30,2016-01-25,2 BHK,0,2015-11-04,North-West,ACTIVE,1050,2,2,0,0,2,2,0,Bore and Municipal water,0,None,1,Advanced,None,Western Suburbs,-1
627733,19.161219,72.857379,7500000,Mumbai,Goregaon East,14705,20,11,Apartment,0,2015-10-28T03:32:01.277+05:30,2016-03-31,1 BHK,1,2014-10-27,North,ACTIVE,510,1,1,0,0,2,0,0,Bore and Municipal water,0,None,1,Basic,None,Western Suburbs,-1
615146,19.215811,72.83299,11000000,Mumbai,Kandivali West,12643,9,7,Apartment,0,2015-10-21T03:26:57.498+05:30,2015-12-31,2 BHK,1,2014-10-20,South-East,ACTIVE,870,2,2,0,0,1,1,0,Bore and Municipal water,0,None,1,Basic,None,Western Suburbs,-1
98289,19.17488,72.874161,6900000,Mumbai,Goregaon East,12897,7,2,Apartment,0,2015-11-09T18:11:07.223+05:30,2014-09-01,1 BHK,8,2006-09-29,South-East,ACTIVE,535,1,1,0,0,1,2,1,Bore and Municipal water,0,None,1,Basic,None,Western Suburbs,-1
639994,19.206326,72.819586,8000000,Mumbai,Kandivali West,12307,8,5,Apartment,0,2015-11-02T12:59:58.780+05:30,2015-11-03,1 BHK,4,2011-11-02,West,ACTIVE,650,1,2,0,0,1,0,0,Bore and Municipal water,0,None,1,Basic,None,Western Suburbs,-1
640041,19.201867,72.82668,3300000,Mumbai,Kandivali West,11000,8,3,Apartment,0,2015-11-02T15:11:25.933+05:30,2015-11-03,1 RK,15,2000-11-02,North-West,ACTIVE,300,1,1,0,0,1,0,0,Bore and Municipal water,0,None,1,Basic,None,Western Suburbs,-1
630259,19.249832,72.858463,8000000,Mumbai,Dahisar West,14545,4,3,Apartment,0,2015-10-29T06:07:23.353+05:30,2015-10-28,1 BHK,15,2000-10-28,North-East,ACTIVE,550,1,1,0,0,0,1,1,Bore and Municipal water,0,None,0,Basic,None,Western Suburbs,-1
642138,19.151083,72.885651,3300000,Mumbai,Goregaon East,7857,13,3,Apartment,0,2015-11-03T13:04:44.575+05:30,2015-11-03,1 RK,7,2008-11-03,North-East,ACTIVE,420,1,1,0,0,2,0,0,Municipal Water,0,None,1,Basic,None,Western Suburbs,-1
31453,17.371232,78.552508,2600000,Hyderabad,Kothapet,2080,4,2,Apartment,0,2014-01-26T16:52:59.789+05:30,2014-01-25,3 BHK,7,2007-01-26,East,INACTIVE,1250,3,2,0,0,1,1,0,None,0,None,0,Basic,None,South Hyderabad,-1
11780,13.122934,80.091446,3003000,Chennai,Avadi,3300,2,2,Apartment,0,2013-09-21T17:40:53.202+05:30,2013-09-20,2 BHK,0,2013-09-21,South,INACTIVE,910,2,2,0,0,1,1,0,Bore Water,0,None,0,None,None,Chennai,-1
6228,28.64495,77.371202,15000000,Ghaziabad,Niti Khand II,6315,3,0,Apartment,0,2013-08-03T13:17:01.394+05:30,2013-07-31,4 BHK,1,2012-08-02,North,INACTIVE,2375,4,3,0,0,0,1,0,None,0,Partial,0,Basic,None,Ghaziabad,-1
27239,18.996399,72.823702,65000000,Mumbai,Lower Parel,35135,36,23,Apartment,0,2014-01-03T18:25:42.688+05:30,2013-12-20,3 BHK,7,2007-01-02,North-East,INACTIVE,1850,3,4,1,1,2,1,1,None,1,None,1,Advanced,None,South Mumbai,-1
17698,28.431968,77.06628,11000000,Gurgaon,Sector 51,7719,3,2,Independent Floor,0,2013-11-11T19:46:26.410+05:30,2013-11-09,3 BHK,1,2012-11-11,East,INACTIVE,1425,3,3,0,0,0,1,0,None,0,Full,1,Advanced,None,Central Gurgaon,-1
-1,-1,-1,-1,-1,-1,-1,-1,-1,-1,-1,-1,-1,-1,-1,-1,0,-1,-1,-1,-1,0,0,0,0,0,-1,0,-1,0,-1,-1,-1,-1
30486,19.095578,72.847133,4200000,Mumbai,Vile Parle East,18666,7,2,Apartment,0,2014-01-21T14:28:03.198+05:30,2014-01-20,1 RK,10,2004-01-21,West,INACTIVE,225,1,1,0,0,1,0,0,None,0,None,0,None,None,Western Suburbs,-1
29038,19.113593,73.0007,3800000,Mumbai,Ghansoli,5428,2,0,Apartment,0,2014-01-13T14:47:57.923+05:30,2014-01-12,2 BHK,10,2004-01-13,South-East,INACTIVE,700,2,3,0,0,0,0,0,None,0,None,0,None,None,Navi Mumbai,-1
30519,17.506879,78.592399,2800000,Hyderabad,Dammaiguda,2187,0,0,Independent House,0,2014-01-21T18:01:49.408+05:30,2014-01-21,2 BHK,0,2014-01-21,West,INACTIVE,1280,2,1,0,0,0,1,0,None,0,None,0,None,None,Secunderabad,-1
28720,28.42344,77.095529,5200000,Gurgaon,Sector 56,8595,4,3,Apartment,0,2014-01-11T23:44:11.024+05:30,2014-01-08,1 BHK,13,2001-01-11,North-East,INACTIVE,605,1,1,0,0,0,1,1,None,0,None,1,Advanced,None,Golf Course Road,-1
31111,19.213447,72.819473,11000000,Mumbai,Kandivali West,10000,15,10,Apartment,0,2014-01-24T18:56:37.796+05:30,2014-01-01,2 BHK,7,2007-01-24,West,INACTIVE,1100,2,1,0,0,2,1,0,None,0,None,1,Basic,None,Western Suburbs,-1
18774,28.594027,77.363015,7000000,Noida,"Sector 53, Noida",5263,4,2,Apartment,0,2013-11-18T18:16:18.241+05:30,2013-11-18,3 BHK,15,1998-11-18,South-West,INACTIVE,1330,3,2,0,0,0,1,0,None,0,None,1,Basic,None,Noida,-1
27811,19.307701,72.857221,3000000,Mumbai,Mira Bhayandar,5454,3,2,Apartment,0,2015-09-09T12:12:45.101+05:30,2014-01-01,1 BHK,10,2004-01-06,North-East,ACTIVE,550,1,1,0,0,0,1,0,None,0,None,0,Basic,None,Western Suburbs,-1
28153,28.715563,77.127325,17000000,Delhi,Rohini,13600,3,1,Apartment,0,2014-01-08T15:42:20.337+05:30,2014-01-06,3 BHK,7,2007-01-08,West,INACTIVE,1250,3,1,0,0,0,1,1,None,0,None,1,Basic,None,North West Delhi,-1
31468,17.5179,78.44635,2200000,Hyderabad,Jeedimetla,2202,3,1,Apartment,0,2014-01-26T16:33:31.779+05:30,2014-01-25,2 BHK,10,2004-01-26,East,INACTIVE,999,2,2,0,0,1,1,0,None,0,Partial,0,Basic,None,Secunderabad,-1
27612,19.019053,73.089018,2200000,Mumbai,Kamothe,6111,4,2,Apartment,0,2014-10-04T12:53:53.195+05:30,2014-01-04,1 RK,5,2009-01-05,South-East,INACTIVE,360,1,1,0,0,0,1,0,None,0,None,0,Basic,None,Navi Mumbai,-1
23576,19.419052,72.809805,2350000,Mumbai,Nalasopara West,4086,4,2,Apartment,0,2013-12-14T11:26:21.078+05:30,2013-12-12,1 BHK,1,2012-12-14,West,INACTIVE,575,1,1,0,0,0,0,0,None,0,None,1,Basic,None,Western Suburbs,-1
27844,28.721124,77.15732,2800000,Delhi,Shalimar Bagh,4307,4,4,Independent Floor,0,2014-01-06T21:20:04.958+05:30,2014-01-05,2 BHK,1,2013-01-06,East,INACTIVE,650,2,0,0,0,0,3,0,None,0,None,1,None,None,North West Delhi,-1
28670,28.692997,77.340568,5800000,Ghaziabad,Shalimar Garden Extension I,4142,5,2,Apartment,0,2014-01-11T15:45:26.367+05:30,2014-01-10,3 BHK,8,2006-01-10,South-West,INACTIVE,1400,3,2,0,0,0,1,1,None,0,None,0,Basic,None,Ghaziabad,-1
30521,28.642892,77.343504,7400000,Ghaziabad,"Sector 5, Vaishali",4774,3,0,Apartment,0,2014-01-21T14:13:36.247+05:30,2014-01-20,3 BHK,4,2010-01-21,South-East,INACTIVE,1550,3,3,0,0,0,1,1,None,0,None,0,Basic,None,Ghaziabad,-1
612531,19.199946,72.820234,8250000,Mumbai,Malad West,11785,18,12,Apartment,0,2015-10-20T00:27:04.917+05:30,2015-10-19,1 BHK,3,2012-10-19,North,ACTIVE,700,1,2,0,0,2,0,0,Kaveri Water,0,None,0,Basic,None,Western Suburbs,-1
610373,19.036199,72.896183,15000000,Mumbai,Chembur,14423,7,3,Apartment,0,2015-10-18T11:28:26.383+05:30,2015-10-17,2 BHK,5,2010-10-18,South-East,ACTIVE,1040,2,2,0,0,1,1,0,Municipal Water,0,None,1,None,None,Mumbai Harbour,-1
21958,17.393787,78.367543,4200000,Hyderabad,Puppalguda,2553,5,1,Apartment,0,2013-12-06T17:27:32.926+05:30,2013-12-05,3 BHK,0,2013-12-06,East,INACTIVE,1645,3,1,0,0,1,1,0,None,0,None,0,Basic,None,South Hyderabad,-1
28111,19.15096,72.890537,2400000,Mumbai,Goregaon East,7058,7,7,Apartment,0,2014-01-08T20:29:48.880+05:30,2014-01-07,1 RK,5,2009-01-08,North,INACTIVE,340,1,1,0,0,2,0,0,None,0,None,1,Basic,None,Western Suburbs,-1
22426,12.97264,77.566431,13500000,Bengaluru,Binnipete,7340,18,10,Apartment,0,2013-12-08T15:02:02.339+05:30,2013-12-08,3 BHK,3,2010-12-08,North-East,INACTIVE,1839,3,3,1,1,3,1,1,Kaveri Water,1,Full,1,Advanced,None,Central Bangalore,-1
605991,19.159855,72.841101,9787500,Mumbai,Goregaon West,13500,14,2,Apartment,0,2015-10-16T20:44:19.697+05:30,2015-10-16,1 BHK,0,2015-10-16,East,ACTIVE,725,1,2,0,0,2,0,0,Municipal Water,0,None,1,Advanced,None,Western Suburbs,-1
621888,19.202013,72.826545,3300000,Mumbai,Kandivali West,10153,8,7,Apartment,0,2015-10-24T16:13:42.874+05:30,2015-11-26,1 RK,13,2002-10-24,South,ACTIVE,325,1,1,0,0,1,0,0,Municipal Water,0,None,0,Basic,None,Western Suburbs,-1
634509,19.198948,72.821393,6800000,Mumbai,Malad West,12363,4,3,Apartment,0,2015-10-30T03:40:55.632+05:30,2015-10-29,1 BHK,15,2000-10-29,South-West,ACTIVE,550,1,1,0,0,0,0,0,Municipal Water,0,None,1,Basic,None,Western Suburbs,-1
13911,19.071285,72.897913,11000000,Mumbai,Tilak Nagar,10000,12,6,Apartment,0,2015-11-02T11:43:06.384+05:30,2013-10-08,2 BHK,1,2012-10-09,South,ACTIVE,1100,2,0,0,0,2,1,1,None,0,None,1,Advanced,None,Mumbai Harbour,-1
610328,19.207109,72.840783,15000000,Mumbai,Kandivali West,13043,8,3,Apartment,0,2015-10-18T03:55:17.040+05:30,2016-02-29,2 BHK,1,2014-10-18,North,ACTIVE,1150,2,2,0,0,1,0,0,Bore and Municipal water,0,None,1,Basic,None,Western Suburbs,-1
651908,19.042764,72.873615,8600000,Mumbai,Sion,13230,8,4,Apartment,0,2015-11-07T16:00:57.945+05:30,2015-11-30,1 BHK,7,2008-11-07,South,ACTIVE,650,1,1,0,0,1,0,1,Municipal Water,0,None,1,Basic,None,Central Bombay,-1
607684,19.175247,72.872484,16000000,Mumbai,Goregaon East,13913,22,11,Apartment,0,2015-10-17T04:16:01.549+05:30,2015-12-31,2 BHK,0,2015-10-17,North-East,ACTIVE,1150,2,2,0,1,3,0,0,Municipal Water,0,None,1,Advanced,None,Western Suburbs,-1
640042,19.201985,72.825072,3180000,Mumbai,Kandivali West,9085,8,4,Apartment,0,2015-11-02T15:49:03.387+05:30,2015-12-01,1 RK,15,2000-11-02,South-East,ACTIVE,350,1,1,0,0,1,0,0,Bore and Municipal water,0,None,1,Basic,None,Western Suburbs,-1
609859,19.251837,72.846121,12500000,Mumbai,Dahisar West,14705,10,7,Apartment,0,2015-10-23T12:00:11.007+05:30,2015-10-17,2 BHK,1,2014-10-17,East,ACTIVE,850,2,2,0,0,2,1,1,Bore and Municipal water,0,None,1,Advanced,None,Western Suburbs,-1
628383,19.198797,72.874127,8600000,Mumbai,Kandivali East,12835,7,2,Apartment,0,2015-10-27T22:48:37.809+05:30,2015-10-27,1 BHK,12,2003-10-27,East,ACTIVE,670,1,2,0,0,1,0,1,Bore and Municipal water,0,None,1,Basic,None,Western Suburbs,-1
598487,19.181075,72.855577,9200000,Mumbai,Malad East,12777,20,15,Apartment,0,2015-10-14T00:34:56.435+05:30,2015-10-30,1 BHK,1,2014-10-13,East,ACTIVE,720,1,2,0,0,2,0,0,Bore and Municipal water,0,None,1,Advanced,None,Western Suburbs,-1
621490,19.145645,72.930511,7800000,Mumbai,Bhandup West,12480,7,7,Apartment,0,2015-10-24T12:39:11.965+05:30,2015-10-23,1 BHK,8,2007-10-24,North-East,ACTIVE,625,1,1,0,0,1,1,1,Bore and Municipal water,0,None,0,Basic,None,Central Bombay,-1
614493,19.234871,72.831165,8000000,Mumbai,Borivali West,12213,8,6,Apartment,0,2015-10-21T03:12:02.273+05:30,2015-10-20,1 BHK,9,2006-10-20,West,ACTIVE,655,1,2,1,1,1,1,0,Municipal Water,0,None,1,Basic,None,Western Suburbs,-1
596589,19.242683,72.867306,6700000,Mumbai,Dahisar East,12181,12,7,Apartment,0,2015-10-13T04:20:40.510+05:30,2015-10-12,1 BHK,3,2012-10-12,East,ACTIVE,550,1,1,0,0,2,1,1,Bore and Municipal water,0,None,0,Advanced,None,Western Suburbs,-1
619798,19.164676,72.952027,4500000,Mumbai,Mulund East,11842,5,4,Apartment,0,2015-10-24T05:02:32.356+05:30,2015-10-23,1 BHK,0,2015-10-23,East,ACTIVE,380,1,1,0,0,0,0,0,Municipal Water,0,None,0,None,None,Central Bombay,-1
610612,19.174304,72.96289,4500000,Mumbai,Mulund East,11250,8,3,Apartment,0,2015-11-02T13:30:46.156+05:30,2015-10-19,1 BHK,0,2015-10-19,East,ACTIVE,400,1,1,0,0,2,0,0,Municipal Water,0,None,1,Basic,None,Central Bombay,-1
620653,19.261186,72.862322,6200000,Mumbai,Dahisar East,11481,5,0,Apartment,0,2015-10-24T04:20:24.290+05:30,2015-10-24,1 BHK,8,2007-10-23,South-East,ACTIVE,540,1,1,0,0,0,0,1,Bore and Municipal water,0,None,1,Basic,None,Western Suburbs,-1
161612,19.110136,72.896007,4000000,Mumbai,Powai,14285,7,2,Apartment,0,2015-10-17T11:36:28.933+05:30,2015-05-01,1 RK,15,2000-03-11,North,ACTIVE,280,1,1,0,0,1,2,0,Municipal Water,0,None,1,Advanced,None,Central Bombay,-1
148588,19.119254,72.868418,3200000,Mumbai,Andheri East,9142,8,7,Apartment,0,2015-10-19T11:46:41.216+05:30,2015-02-20,1 BHK,3,2012-02-20,South-West,ACTIVE,350,1,1,0,0,2,2,0,Municipal Water,0,None,0,Advanced,None,Western Suburbs,-1
-1,-1,-1,-1,-1,-1,-1,-1,-1,-1,-1,-1,-1,-1,-1,-1,0,-1,-1,-1,-1,0,0,0,0,0,-1,0,-1,0,-1,-1,-1,-1
31234,12.912659,80.171855,4500000,Chennai,Medavakkam,4459,3,2,Apartment,0,2014-01-25T20:05:24.076+05:30,2014-01-24,2 BHK,0,2014-01-25,East,INACTIVE,1009,2,2,0,0,0,1,0,Bore Water,0,None,0,None,None,Chennai,-1
24692,19.2238,72.9778,6500000,Mumbai,Thane West,11111,14,11,Apartment,0,2013-12-19T19:37:06.137+05:30,2013-12-18,1 BHK,5,2008-12-19,West,INACTIVE,585,1,1,1,1,2,1,1,None,0,None,1,Advanced,None,Thane,-1
16619,28.642221,77.363724,5400000,Ghaziabad,Niti Khand I,3857,3,0,Apartment,0,2013-10-31T13:15:58.609+05:30,2013-10-30,3 BHK,1,2012-10-31,East,INACTIVE,1400,3,2,0,0,0,1,1,None,0,None,1,Basic,None,Ghaziabad,-1
31456,19.467614,72.816395,2500000,Mumbai,Virar East,4672,5,4,Apartment,0,2014-01-26T18:33:36.327+05:30,2014-01-25,1 BHK,5,2009-01-26,North,INACTIVE,535,1,2,0,0,0,1,0,None,0,None,0,None,None,Western Suburbs,-1
16677,17.526734,78.449028,1400000,Hyderabad,Jeedimetla,2187,5,5,Apartment,0,2013-10-31T17:16:43.600+05:30,2013-11-15,2 BHK,10,2003-10-31,East,INACTIVE,640,2,2,1,1,1,1,0,None,0,Partial,0,Advanced,None,Secunderabad,-1
29024,19.167493,72.962106,9000000,Mumbai,Mulund East,18181,4,2,Apartment,0,2014-01-13T19:54:32.212+05:30,2014-01-12,1 BHK,30,1984-01-12,East,INACTIVE,495,1,2,0,0,0,0,0,None,0,None,0,Basic,None,Central Bombay,-1
31212,28.612499,77.049819,3200000,Delhi,Matiala,4740,4,1,Independent Floor,0,2014-01-25T15:48:24.449+05:30,2014-01-24,2 BHK,5,2009-01-25,North,INACTIVE,675,2,3,0,0,0,1,0,None,0,None,0,None,None,Dwarka ,-1
16690,19.213133,72.866341,12000000,Mumbai,Kandivali East,11374,7,3,Apartment,0,2013-10-31T19:44:06.917+05:30,2013-10-30,2 BHK,1,2012-10-31,East,INACTIVE,1055,2,2,0,0,2,1,0,None,0,None,1,Basic,None,Western Suburbs,-1
24718,17.402101,78.368117,6800000,Hyderabad,Manikonda,3874,12,2,Apartment,0,2013-12-19T16:34:55.315+05:30,2014-03-01,3 BHK,0,2013-12-19,West,INACTIVE,1755,3,3,1,1,4,1,1,None,0,Partial,1,Advanced,None,West Hyderabad,-1
-1,-1,-1,-1,-1,-1,-1,-1,-1,-1,-1,-1,-1,-1,-1,-1,0,-1,-1,-1,-1,0,0,0,0,0,-1,0,-1,0,-1,-1,-1,-1
25375,28.519788,77.257541,1650000,Delhi,Tughlakabad,3055,5,4,Apartment,0,2015-09-16T14:23:47.241+05:30,2013-12-21,1 BHK,1,2012-12-22,North,ACTIVE,540,1,1,0,0,0,0,0,Municipal Water,0,None,0,None,None,South Delhi,-1
19201,19.472156,72.808348,5000000,Mumbai,Virar West,5555,7,4,Apartment,0,2013-11-21T07:44:01.631+05:30,2013-11-19,2 BHK,1,2012-11-21,North,INACTIVE,900,2,2,1,1,1,0,0,None,0,None,1,Advanced,None,Western Suburbs,-1
22321,28.503496,77.529806,7550000,Noida,Zeta I,4081,15,11,Apartment,0,2013-12-07T14:02:12.793+05:30,2013-12-05,3 BHK,3,2010-12-07,South-East,INACTIVE,1850,3,0,1,1,2,1,1,None,1,Full,1,Advanced,None,Greater Noida,-1
16544,12.93854,80.15382,2466000,Chennai,Chromepet,3600,1,1,Apartment,0,2013-10-30T17:32:39.775+05:30,2013-10-29,2 BHK,0,2013-10-30,West,INACTIVE,685,2,0,0,0,0,1,0,Bore Water,0,None,0,None,None,Chennai,-1
598690,19.180921,72.853607,7100000,Mumbai,Malad East,9861,20,14,Apartment,0,2015-10-14T02:40:23.332+05:30,2015-10-31,1 BHK,1,2014-10-13,North,ACTIVE,720,1,2,0,0,2,0,0,Bore and Municipal water,0,None,1,Advanced,None,Western Suburbs,-1
618649,19.234284,72.853877,16000000,Mumbai,Borivali West,12800,22,9,Apartment,0,2015-10-22T21:51:59.317+05:30,2016-01-01,2.5 BHK,0,2015-10-22,North,ACTIVE,1250,3,2,0,0,2,0,0,Bore and Municipal water,0,None,0,Advanced,None,Western Suburbs,-1
606862,19.178918,72.814217,12000000,Mumbai,Malad West,12000,13,11,Apartment,0,2015-10-28T12:10:48.531+05:30,2015-10-15,2 BHK,1,2014-10-16,North-East,ACTIVE,1000,2,2,0,0,2,1,0,Bore and Municipal water,0,None,1,None,None,Western Suburbs,-1
647917,19.197566,72.871161,15200000,Mumbai,Kandivali East,13571,20,16,Apartment,0,2015-11-06T00:44:20.045+05:30,2015-11-06,2 BHK,1,2014-11-05,West,ACTIVE,1120,2,2,1,1,3,1,1,Bore and Municipal water,0,Full,1,Advanced,None,Western Suburbs,-1
614481,19.170541,72.875069,8000000,Mumbai,Goregaon East,13675,7,6,Apartment,0,2015-10-20T22:16:04.578+05:30,2015-10-19,1 BHK,8,2007-10-20,North,ACTIVE,585,1,2,0,0,1,1,0,Municipal Water,0,None,1,Advanced,None,Western Suburbs,-1
610825,19.169978,72.843412,9800000,Mumbai,Goregaon West,12645,22,7,Apartment,0,2015-10-19T16:49:18.838+05:30,2015-11-30,1 BHK,1,2014-10-19,North,ACTIVE,775,1,2,1,1,3,1,0,Bore and Municipal water,0,Full,1,Advanced,None,Western Suburbs,-1
596463,19.080413,72.889121,10000000,Mumbai,Kurla,13157,14,11,Apartment,0,2015-10-13T03:33:45.946+05:30,2016-01-01,1 BHK,0,2015-10-12,North-East,ACTIVE,760,1,2,0,0,2,1,0,Bore and Municipal water,0,None,1,Basic,None,Central Bombay,-1
614529,19.216002,72.832791,12000000,Mumbai,Kandivali West,14117,9,8,Apartment,0,2015-10-21T00:21:57.699+05:30,2016-01-31,2 BHK,1,2014-10-20,East,ACTIVE,850,2,2,0,0,1,0,0,Bore and Municipal water,0,None,1,Basic,None,Western Suburbs,-1
629710,19.254155,72.850704,8500000,Mumbai,Dahisar West,14782,9,4,Apartment,0,2015-10-28T15:33:34.652+05:30,2015-10-29,1 BHK,15,2000-10-28,South-East,ACTIVE,575,1,2,0,0,2,0,1,Bore and Municipal water,0,None,1,Basic,None,Western Suburbs,-1
640622,19.151346,72.933594,6000000,Mumbai,Bhandup West,11650,23,8,Apartment,0,2015-11-02T19:06:09.218+05:30,2016-01-31,1 RK,0,2015-11-02,South,ACTIVE,515,1,1,0,0,2,0,0,Municipal Water,0,None,1,Basic,None,Central Bombay,-1
622149,19.210836,72.832709,8500000,Mumbai,Kandivali West,13934,8,7,Apartment,0,2015-10-24T22:46:39.229+05:30,2015-10-24,1 BHK,14,2001-10-24,North,ACTIVE,610,1,1,0,0,1,0,1,Municipal Water,0,None,0,Basic,None,Western Suburbs,-1
650509,19.207276,72.818715,11619150,Mumbai,Kandivali West,10650,22,1,Apartment,0,2015-11-07T00:27:44.971+05:30,2016-04-01,2 BHK,0,2015-11-06,North,ACTIVE,1091,2,2,0,1,4,0,0,Municipal Water,0,None,0,Advanced,None,Western Suburbs,-1
26125,28.527265,77.205596,22500000,Delhi,Saket,11250,4,1,Apartment,0,2013-12-26T16:35:42.927+05:30,2013-12-25,2.5 BHK,4,2009-12-26,West,INACTIVE,2000,3,1,0,0,0,1,0,None,0,None,0,None,None,South Delhi,-1
31416,18.465281,73.818663,2600000,Pune,Vadgaon Budruk,4088,4,1,Apartment,0,2014-01-26T14:50:57.419+05:30,2014-01-25,1 BHK,16,1998-01-26,South,INACTIVE,636,1,0,0,0,0,1,0,None,0,None,1,None,None,Pune,-1
612910,19.160011,72.84077,7400000,Mumbai,Goregaon West,14509,8,2,Apartment,0,2015-10-20T01:44:09.219+05:30,2015-11-30,1 BHK,0,2015-10-19,East,ACTIVE,510,1,1,0,0,1,0,0,Municipal Water,0,None,0,Basic,None,Western Suburbs,-1
56085,19.155286,72.886307,3400000,Mumbai,Goregaon East,8000,21,7,Apartment,0,2015-11-07T13:50:11.093+05:30,2014-04-25,1 RK,8,2006-04-26,North-East,ACTIVE,425,1,2,0,0,2,1,0,None,0,None,1,Basic,None,Western Suburbs,-1
22573,12.9166,80.0975,5400000,Chennai,New Perungalathur,6750,1,0,Independent House,0,2013-12-09T13:34:40.971+05:30,2013-12-08,2 BHK,0,2013-12-09,East,INACTIVE,800,2,2,0,0,0,1,0,Bore Water,0,None,0,None,None,Chennai,-1
638257,19.185942,72.85539,3200000,Mumbai,Malad East,9846,8,7,Apartment,0,2015-10-31T18:53:09.651+05:30,2015-10-23,1 RK,5,2010-10-31,South,ACTIVE,325,1,1,0,0,1,1,0,Municipal Water,0,None,1,Basic,None,Western Suburbs,-1
628461,19.186046,72.947301,3700000,Mumbai,Thane West,12333,6,5,Apartment,0,2015-11-02T12:10:13.928+05:30,2015-10-27,1 RK,10,2005-10-27,East,ACTIVE,300,1,1,0,0,1,1,0,Bore and Municipal water,0,None,0,Basic,None,Thane,-1
19766,28.67278,77.334031,5500000,Ghaziabad,Surya Nagar,6111,3,0,Independent Floor,0,2013-11-24T05:30:36.460+05:30,2013-11-23,3 BHK,1,2012-11-24,North,INACTIVE,900,3,1,0,1,0,1,0,None,0,None,0,None,None,Ghaziabad,-1
19002,17.433395,78.43902,5400000,Hyderabad,Yella Reddy Guda,4695,5,1,Apartment,0,2013-11-20T16:13:57.703+05:30,2013-11-01,2 BHK,0,2013-11-20,West,INACTIVE,1150,2,2,0,0,1,1,0,None,0,None,0,Basic,None,North Hyderabad,-1
30316,19.191754,72.987819,1500000,Mumbai,Kalwa,4347,3,2,Apartment,0,2015-09-11T10:13:48.372+05:30,2014-01-19,1 RK,7,2007-01-20,West,ACTIVE,345,1,1,0,0,0,1,0,None,0,None,0,None,None,Navi Mumbai,-1
18031,17.35939,78.520357,3973000,Hyderabad,Sayeedabad,2900,5,5,Apartment,0,2013-11-13T18:12:36.908+05:30,2013-12-01,2 BHK,0,2013-11-13,West,INACTIVE,1370,2,0,0,0,1,1,0,None,0,None,0,Basic,None,East Hyderabad,-1
32838,18.553326,73.940658,5100000,Pune,Kharadi,6057,8,5,Apartment,0,2014-02-02T14:50:40.923+05:30,2014-02-02,2 BHK,7,2007-02-02,East,INACTIVE,842,2,1,0,1,1,1,0,Municipal Water,0,Partial,1,Advanced,None,Pune,-1
32679,22.497736,88.392016,6384000,Kolkata,Haltu,4186,3,3,Apartment,0,2014-02-04T23:20:04.211+05:30,2014-02-01,3 BHK,1,2013-02-01,North,INACTIVE,1525,3,1,0,0,1,0,0,None,0,Partial,1,Basic,None,Kolkata South,-1
16174,28.636984,77.350828,3500000,Ghaziabad,Nyay Khand I,4666,4,0,Apartment,0,2013-10-28T18:11:13.338+05:30,2013-10-27,2 BHK,1,2012-10-28,North,INACTIVE,750,2,2,0,0,0,1,0,None,0,None,1,Basic,None,Ghaziabad,-1
16927,12.858377,77.59428,6000000,Bengaluru,Gottigere,4255,5,3,Apartment,0,2013-11-03T10:33:53.447+05:30,2013-11-02,3 BHK,2,2011-11-02,East,INACTIVE,1410,3,0,1,1,1,1,0,Bore Water,0,Partial,1,Basic,None,South Bangalore,-1
598193,19.177759,72.878982,7000000,Mumbai,Malad East,14736,7,2,Apartment,0,2015-10-14T00:56:43.108+05:30,2015-10-13,1 BHK,8,2007-10-13,South,ACTIVE,475,1,1,0,0,1,1,1,Municipal Water,0,None,1,Advanced,None,Western Suburbs,-1
650263,19.1557,72.885851,3500000,Mumbai,Goregaon East,6481,21,19,Apartment,0,2015-11-06T22:54:19.821+05:30,2015-11-06,1 BHK,5,2010-11-06,West,ACTIVE,540,1,1,0,0,2,1,0,Municipal Water,0,Full,1,Advanced,None,Western Suburbs,-1
624546,19.141689,72.805578,3500000,Mumbai,Andheri West,7291,4,1,Apartment,0,2015-10-26T20:16:33.063+05:30,2015-10-26,1 BHK,13,2002-10-26,East,ACTIVE,480,1,1,0,0,0,0,0,Municipal Water,0,None,0,None,None,Western Suburbs,-1
14309,28.455322,77.003471,12800000,Gurgaon,Sector 10,3972,3,1,Independent Floor,0,2013-10-12T15:23:52.722+05:30,2013-10-11,3 BHK,1,2012-10-12,North,INACTIVE,3222,3,3,0,0,0,1,0,None,0,None,0,None,None,Old Gurgaon,-1
632708,19.150303,72.933623,7500000,Mumbai,Bhandup West,10791,23,1,Apartment,0,2015-10-29T18:33:34.410+05:30,2016-01-31,1 BHK,0,2015-10-29,West,ACTIVE,695,1,2,0,0,2,0,0,Municipal Water,0,None,1,Basic,None,Central Bombay,-1
600666,19.163448,72.956787,8200000,Mumbai,Mulund East,14774,17,13,Apartment,0,2015-10-15T00:48:39.336+05:30,2015-10-14,1 BHK,2,2013-10-14,East,ACTIVE,555,1,1,0,0,4,0,0,Municipal Water,0,None,1,Advanced,None,Central Bombay,-1
17780,28.643029,77.374014,7500000,Ghaziabad,Niti Khand II,5357,4,0,Apartment,0,2013-11-12T11:37:12.037+05:30,2013-11-11,3 BHK,2,2011-11-12,North-East,INACTIVE,1400,3,3,0,1,0,2,1,None,0,None,1,Basic,None,Ghaziabad,-1
609766,19.25185,72.846931,9100000,Mumbai,Borivali West,14000,10,6,Apartment,0,2015-10-18T02:56:28.797+05:30,2015-10-17,1 BHK,1,2014-10-17,West,ACTIVE,650,1,2,0,0,2,1,1,Bore and Municipal water,0,None,1,Advanced,None,Western Suburbs,-1
22016,17.34894,78.54308,3608000,Hyderabad,Saroornagar,3322,5,5,Apartment,0,2013-12-06T14:37:10.253+05:30,2013-12-01,2 BHK,0,2013-12-06,East,INACTIVE,1086,2,2,0,0,2,1,0,None,0,Full,1,Advanced,None,South Hyderabad,-1
22646,19.258221,72.854815,9800000,Mumbai,Dahisar West,11807,7,7,Apartment,0,2013-12-10T18:02:12.644+05:30,2014-01-09,2 BHK,7,2006-12-09,East,INACTIVE,830,2,2,0,0,1,1,1,None,0,None,1,Basic,None,Western Suburbs,-1
594316,19.182424,72.813625,2300000,Mumbai,Malad West,7187,8,0,Apartment,0,2015-10-13T02:25:24.805+05:30,2015-10-12,1 RK,5,2010-10-12,West,ACTIVE,320,1,1,0,0,1,1,0,Bore and Municipal water,0,None,1,Advanced,None,Western Suburbs,-1
643310,19.213631,72.853114,19000000,Mumbai,Borivali West,14537,35,22,Apartment,0,2015-11-03T21:28:13.947+05:30,2015-12-31,2 BHK,3,2012-11-03,West,ACTIVE,1307,2,2,1,1,4,1,1,Bore and Municipal water,0,Full,0,Advanced,None,Western Suburbs,-1
618655,19.234284,72.853877,16000000,Mumbai,Borivali West,12800,22,5,Apartment,0,2015-10-22T21:51:50.271+05:30,2016-01-01,2.5 BHK,0,2015-10-22,North-East,ACTIVE,1250,3,2,0,0,2,0,0,Bore and Municipal water,0,None,0,Advanced,None,Western Suburbs,-1
13912,19.071214,72.897918,11000000,Mumbai,Tilak Nagar,10377,12,6,Apartment,0,2015-11-02T11:42:58.025+05:30,2013-10-08,2 BHK,1,2012-10-09,South-East,ACTIVE,1060,2,0,0,0,2,1,1,None,0,None,1,Basic,None,Mumbai Harbour,-1
639738,19.20265,72.821709,7800000,Mumbai,Kandivali West,12480,8,3,Apartment,0,2015-11-01T16:06:54.551+05:30,2015-11-02,1 BHK,7,2008-11-01,West,ACTIVE,625,1,2,0,0,1,1,0,Municipal Water,0,None,0,Basic,None,Western Suburbs,-1
644659,19.150395,72.933825,12000000,Mumbai,Bhandup West,11320,22,3,Apartment,0,2015-11-04T22:28:06.261+05:30,2016-01-01,2 BHK,0,2015-11-04,South-East,ACTIVE,1060,2,2,0,0,2,0,0,Bore and Municipal water,0,None,1,Advanced,None,Central Bombay,-1
640588,19.150807,72.933309,7500000,Mumbai,Bhandup West,12500,23,13,Apartment,0,2015-11-02T20:04:16.763+05:30,2016-01-31,1 BHK,0,2015-11-02,East,ACTIVE,600,1,1,0,0,2,0,0,Municipal Water,0,None,1,Basic,None,Central Bombay,-1
622856,19.236221,72.844356,12900000,Mumbai,Borivali West,11727,13,11,Apartment,0,2015-10-25T00:30:07.297+05:30,2015-12-31,2 BHK,0,2015-10-24,North,ACTIVE,1100,2,1,0,0,2,0,0,Municipal Water,0,None,0,Basic,None,Western Suburbs,-1
640681,19.150914,72.934019,6000000,Mumbai,Bhandup West,11650,23,8,Apartment,0,2015-11-02T19:27:21.732+05:30,2016-01-31,1 RK,0,2015-11-02,West,ACTIVE,515,1,1,0,0,2,0,0,Municipal Water,0,None,1,Basic,None,Central Bombay,-1
617571,19.159806,72.932829,8450000,Mumbai,Bhandup West,13370,14,5,Apartment,0,2015-10-22T03:57:10.183+05:30,2015-12-31,1 BHK,1,2014-10-21,South,ACTIVE,632,1,2,0,1,3,1,0,Bore and Municipal water,0,None,1,Advanced,None,Central Bombay,-1
609783,19.159915,72.841101,7100000,Mumbai,Goregaon West,13921,8,7,Apartment,0,2015-10-18T03:14:08.195+05:30,2015-11-30,1 BHK,0,2015-10-17,East,ACTIVE,510,1,1,0,0,1,0,0,Municipal Water,0,None,1,None,None,Western Suburbs,-1
628678,19.207135,72.819262,7500000,Mumbai,Kandivali West,10714,22,3,Apartment,0,2015-10-28T02:00:30.974+05:30,2015-10-27,1 BHK,1,2014-10-27,South-West,ACTIVE,700,1,2,0,0,2,1,0,Bore and Municipal water,0,None,1,Advanced,None,Western Suburbs,-1
642310,19.150474,72.933065,7500000,Mumbai,Bhandup West,10791,23,3,Apartment,0,2015-11-03T16:26:12.011+05:30,2016-01-31,1 BHK,0,2015-11-03,East,ACTIVE,695,1,1,0,0,1,0,0,Municipal Water,0,None,1,Basic,None,Central Bombay,-1
650860,19.251228,72.872324,6200000,Mumbai,Dahisar East,10689,7,0,Apartment,0,2015-11-07T01:51:54.008+05:30,2015-11-06,1 BHK,12,2003-11-06,West,ACTIVE,580,1,1,0,0,1,0,0,Bore and Municipal water,0,None,1,Basic,None,Western Suburbs,-1
599315,19.215381,72.815347,7800000,Mumbai,Kandivali West,14181,8,6,Apartment,0,2015-10-14T20:47:09.767+05:30,2015-10-12,1 BHK,12,2003-10-14,South,ACTIVE,550,1,1,0,0,1,0,1,Bore and Municipal water,0,None,1,Advanced,None,Western Suburbs,-1
597996,19.174094,72.963428,4500000,Mumbai,Mulund East,12000,8,6,Apartment,0,2015-10-14T01:05:50.695+05:30,2015-10-13,1 BHK,0,2015-10-13,West,ACTIVE,375,1,1,0,0,2,0,0,Municipal Water,0,None,1,Basic,None,Central Bombay,-1
22197,19.060648,73.005985,10000000,Mumbai,Sanpada,8695,7,5,Apartment,0,2013-12-07T11:03:33.845+05:30,2013-12-05,2 BHK,8,2005-12-06,East,INACTIVE,1150,2,2,0,0,1,1,0,None,0,None,1,Basic,None,Navi Mumbai,-1
596004,19.124227,72.895466,8000000,Mumbai,Powai,14545,23,17,Apartment,0,2015-10-13T11:26:20.619+05:30,2016-01-15,1 BHK,1,2014-10-12,South,ACTIVE,550,1,1,1,1,2,1,0,Bore and Municipal water,0,Partial,1,Advanced,None,Central Bombay,-1
21363,19.015156,73.089127,4400000,Mumbai,Kamothe,6111,7,4,Apartment,0,2015-06-03T20:07:18.667+05:30,2013-06-27,1 BHK,1,2012-12-03,North-East,ACTIVE,720,1,1,0,0,1,1,0,None,0,None,1,Advanced,None,Navi Mumbai,-1
26522,18.996171,72.825909,51000000,Mumbai,Lower Parel,36298,32,25,Apartment,0,2013-12-28T21:08:18.397+05:30,2013-12-01,2 BHK,15,1998-12-28,North-West,INACTIVE,1405,2,1,1,1,3,1,1,None,1,None,1,Advanced,None,South Mumbai,-1
15928,12.990563,77.675756,4500000,Bengaluru,Mahadevapura,4113,4,2,Apartment,0,2013-10-26T18:50:24.911+05:30,2013-12-01,2 BHK,0,2013-10-26,East,INACTIVE,1094,2,2,0,1,1,1,0,Kaveri Water,0,Full,1,Basic,None,East Bangalore,-1
24733,17.401921,78.369152,6800000,Hyderabad,Manikonda,3874,12,6,Apartment,0,2013-12-19T16:36:57.818+05:30,2014-03-01,3 BHK,0,2013-12-19,West,INACTIVE,1755,3,3,1,1,4,1,1,None,0,Partial,1,Advanced,None,West Hyderabad,-1
16763,19.273926,72.871863,5500000,Mumbai,Mira Bhayandar,8208,7,3,Apartment,0,2013-11-01T16:59:32.980+05:30,2013-12-04,1 BHK,6,2007-10-31,North-East,INACTIVE,670,1,0,0,0,1,1,1,None,0,None,1,Advanced,None,Western Suburbs,-1
30369,19.20751,73.08535,2200000,Mumbai,Dombivli East,5945,4,0,Apartment,0,2014-01-20T18:34:18.489+05:30,2014-04-30,1 BHK,25,1989-01-20,South-West,INACTIVE,370,1,1,0,0,0,0,0,None,0,None,0,None,None,Navi Mumbai,-1
20372,28.705495,77.426055,3300000,Ghaziabad,Raj Nagar Extension,3216,14,6,Apartment,0,2013-11-27T15:32:38.646+05:30,2013-11-26,2 BHK,1,2012-11-27,North-West,INACTIVE,1026,2,2,1,1,2,1,1,None,0,Full,1,Advanced,None,Ghaziabad,-1
27795,28.585188,77.367159,17500000,Noida,"Sector 52, Noida",9090,17,6,Apartment,0,2014-01-06T15:46:09.502+05:30,2014-01-05,3 BHK,1,2013-01-06,South-East,INACTIVE,1925,3,1,1,1,2,1,1,None,1,Full,1,Advanced,None,Noida,-1
16181,12.88449,77.617329,7500000,Bengaluru,Bommanahalli,4166,3,0,Independent Floor,0,2013-10-28T23:52:06.670+05:30,2013-10-20,4 BHK,0,2013-10-28,North,INACTIVE,1800,4,4,0,0,0,1,0,Kaveri Water,0,None,0,None,None,South Bangalore,-1
25651,19.035872,73.075215,5500000,Mumbai,Kharghar,5882,5,2,Apartment,0,2015-09-07T15:15:10.576+05:30,2013-12-23,2 BHK,1,2012-12-24,North,ACTIVE,935,2,1,0,0,0,1,0,None,0,None,1,Basic,None,Navi Mumbai,-1
22657,12.907393,77.630503,5288000,Bengaluru,HSR Layout,4000,5,1,Apartment,0,2013-12-11T19:12:11.200+05:30,2013-12-09,2 BHK,0,2013-12-09,North,INACTIVE,1322,2,2,0,0,1,1,0,Kaveri Water,0,None,0,Basic,None,South Bangalore,-1
29675,13.13676,80.2298,4000000,Chennai,Ponniammanmedu,4268,3,2,Apartment,0,2014-01-16T16:31:06.326+05:30,2014-01-15,2 BHK,0,2014-01-16,South,INACTIVE,937,2,1,0,0,0,1,0,Bore Water,0,None,1,Basic,None,Chennai,-1
23468,28.491489,77.018377,2350000,Gurgaon,Sector 3,3671,4,2,Independent Floor,0,2013-12-16T21:02:29.759+05:30,2013-12-12,2 BHK,1,2012-12-13,South-East,INACTIVE,640,2,2,0,0,0,1,0,None,0,None,0,None,None,Old Gurgaon,-1
16168,17.25542,78.58965,5200000,Hyderabad,Manneguda,2600,1,0,Independent House,0,2013-10-28T16:43:36.394+05:30,2013-10-26,3 BHK,1,2012-10-28,West,INACTIVE,2000,3,3,0,0,0,1,0,None,0,None,0,None,None,South Hyderabad,-1
21358,19.01297,73.089927,7500000,Mumbai,Kamothe,5905,13,11,Apartment,0,2013-12-03T13:27:50.354+05:30,2013-12-02,2 BHK,2,2011-12-03,North-East,INACTIVE,1270,2,2,1,1,2,1,0,None,0,None,1,Advanced,None,Navi Mumbai,-1
18500,12.8673,80.07166,3587000,Chennai,Urapakkam,3400,3,2,Apartment,0,2013-11-17T13:58:55.818+05:30,2013-11-16,2 BHK,0,2013-11-16,South,INACTIVE,1055,2,2,0,0,0,1,0,Bore Water,0,None,0,None,None,Chennai,-1
30102,28.461662,77.564292,610000,Noida,Omicron I,1742,3,0,Apartment,0,2014-01-18T19:41:48.334+05:30,2014-03-03,1 RK,1,2013-01-18,East,INACTIVE,350,1,0,0,0,0,1,0,None,0,None,0,None,None,Greater Noida,-1
26463,18.48782,73.938477,2900000,Pune,Hadapsar,4461,3,3,Apartment,0,2013-12-28T15:43:17.534+05:30,2013-12-27,1 BHK,4,2009-12-28,East,INACTIVE,650,1,1,0,0,0,1,0,None,0,None,1,Basic,None,Pune,-1
18511,19.372971,72.814533,5200000,Mumbai,Vasai West,4976,7,1,Apartment,0,2013-11-17T16:48:03.442+05:30,2014-01-15,2.5 BHK,4,2009-11-16,North,INACTIVE,1045,3,2,0,0,1,0,0,None,0,None,1,Advanced,None,Western Suburbs,-1
16642,28.644891,77.360922,7500000,Ghaziabad,Niti Khand I,6000,3,0,Independent Floor,0,2013-10-31T13:42:43.219+05:30,2013-10-30,3 BHK,1,2012-10-31,West,INACTIVE,1250,3,0,0,0,0,1,1,None,0,None,1,Basic,None,Ghaziabad,-1
26023,19.071183,73.075968,5700000,Mumbai,Kharghar,4730,12,11,Apartment,0,2013-12-26T13:26:09.379+05:30,2013-12-10,2 BHK,5,2008-12-25,North-West,INACTIVE,1205,2,2,0,0,2,1,0,None,0,None,1,Basic,None,Navi Mumbai,-1
22524,19.063104,72.828387,160000000,Mumbai,Bandra West,44444,8,7,Apartment,0,2013-12-09T11:46:48.783+05:30,2014-02-02,4 BHK,10,2003-12-09,West,INACTIVE,3600,4,5,0,0,1,3,0,None,0,None,1,Advanced,None,Western Suburbs,-1
18398,18.503941,73.79803,3900000,Pune,Kothrud,6782,4,4,Apartment,0,2013-11-16T16:39:44.673+05:30,2013-11-16,1 BHK,11,2002-11-16,South,INACTIVE,575,1,1,0,0,1,1,0,None,0,None,0,Basic,None,Pune,-1
31005,19.01475,73.022582,8000000,Mumbai,Seawoods,9248,5,3,Apartment,0,2014-01-24T15:25:20.427+05:30,2014-01-23,2 BHK,3,2011-01-24,West,INACTIVE,865,2,1,0,0,1,1,0,None,0,None,1,Basic,None,Navi Mumbai,-1
31328,28.668449,77.308803,6000000,Delhi,Jhilmil Colony,7968,4,2,Independent Floor,0,2014-01-25T19:21:43.547+05:30,2014-01-26,2 BHK,1,2013-01-25,North,INACTIVE,753,2,2,0,0,0,0,0,None,0,None,0,None,None,North East Delhi,-1
